question_id,tier,question_text,expected_answer,source_citation,source_url,known_trap,model,response
SEBI-T1-01,1,"Under the SEBI (Prohibition of Insider Trading) Regulations, 2015, what is the statutory monetary threshold and timeline for mandatory disclosure of trades by promoters, directors, or designated persons?","Under Regulation 7(2)(a) of SEBI (PIT) Regulations, disclosure is mandatory when the value of securities traded (whether in one transaction or a series of transactions over any calendar quarter) aggregates to a traded value in excess of Rs. 10 Lakhs. The disclosure must be made within 2 trading days of such transaction.","SEBI (PIT) Regulations, 2015, Regulation 7(2)(a) & 7(2)(b)",https://www.sebi.gov.in/legal/regulations/jan-2015/sebi-prohibition-of-insider-trading-regulations-2015-last-amended-on-nov-24-2022-_38830.html,N/A,gemma-3n-E4B-it (Together AI),"Okay, let's break down the mandatory disclosure requirements under the SEBI (Prohibition of Insider Trading) Regulations, 2015, specifically focusing on promoters, directors, and designated persons, including the monetary threshold and timeline.

**Here's a comprehensive overview:**

**Who is Covered?**

*   **Promoters:** Individuals or entities who initially established the company.
*   **Directors:** Individuals serving on the board of directors.
*   **Designated Persons:**  These are individuals within a company who are deemed to have access to non-public, material information.  The company designates these individuals.  This can include senior management, employees in finance, legal, or strategic planning roles, etc.

**What Trades Trigger Disclosure?**

Any transaction (buy or sell) in the company's securities (equity shares, debentures, etc.) by a promoter, director, or designated person that meets *either* of these thresholds requires disclosure:

1.  **Monetary Threshold:**  The value of the transaction should exceed **₹10,00,000 (Ten Lakh Rupees)**.  This is the key monetary limit.
2.  **Qualitative Threshold:**  Even if the monetary value is *below* ₹10,00,000, a transaction must be disclosed if it represents **at least 1% of the total shareholding of the person** after the transaction.  (This means if the person's holdings increase or decrease by 1% or more due to the trade, it's reportable).

**Timeline for Disclosure:**

The mandatory disclosure must be made to the appropriate regulatory authorities (usually the stock exchanges and SEBI) **within T+2 business days** of the transaction.

*   **T+2 means:** Two business days *after* the date of the trade.  (T is the trade date).  Weekends and holidays are excluded from the count.

**Where to File the Disclosure:**

*   **Stock Exchange(s):**  The disclosure must be filed with the stock exchange(s) where the securities are listed.
*   **SEBI (Securities and Exchange Board of India):**  The disclosure must also be filed with SEBI through the Surveillance System (SurSys) portal.

**What Information Must Be Disclosed?**

The disclosure must include the following details:

*   **Name of the person making the trade.**
*   **Date of the trade.**
*   **Number of shares/securities traded.**
*   **Price at which the shares/securities were traded.**
*   **Total value of the transaction.**
*   **Nature of the transaction (buy or sell).**
*   **Number of shares/securities held by the person *after* the transaction.**
*   **If the transaction was done through a CMP (Cash and Carry) transaction, details of the CMP.**

**Important Considerations & Nuances:**

*   **Connected Person:**  The regulations define ""connected person"" broadly and include not only promoters, directors, and designated persons but also their relatives, trusts, companies controlled by them, etc.  Therefore, disclosures might be required by entities indirectly connected to the company.
*   **Circulars and Updates:** SEBI frequently issues circulars and updates to clarify and refine the regulations. It's crucial to stay informed about the latest guidelines.
*   **Form:**  The disclosure is typically made using a specific form prescribed by SEBI. The form is available on the SEBI website.
*   **Purpose of Disclosure:**  The purpose of these regulations is to prevent insider trading, ensuring fair and transparent market practices and protecting investors.
*   **Penalties:** Failure to comply with the disclosure requirements can result in severe penalties, including fines, imprisonment, and disqualification from holding directorships.

**Where to Find the Official Regulations:**

You can find the full text of the SEBI (Prohibition of Insider Trading) Regulations, 2015, on the SEBI website:  [https://www.sebi.gov.in/](https://www.sebi.gov.in/)  (Search for ""Prohibition of Insider Trading Regulations 2015"").

**Disclaimer:** I am an AI Chatbot and not a legal professional. This information is for general guidance only and does not constitute legal advice. You should consult with a qualified legal advisor for specific advice related to your situation.



"
SEBI-T1-02,1,"What is the minimum initial promoter contribution requirement for a Main Board IPO under the SEBI (ICDR) Regulations, 2018, and what is its lock-in period?","Under Regulation 14 & Regulation 16 of SEBI (ICDR) Regulations, 2018, promoters must contribute not less than 20% of the post-issue capital. The minimum promoter contribution of 20% is locked in for a period of 18 months from the date of allotment (or 3 years if the project involves capital expenditure for which funding is raised). Excess promoter holding beyond 20% is locked in for 6 months.","SEBI (ICDR) Regulations, 2018, Regulations 14, 16(1), and 16(2)",https://www.sebi.gov.in/legal/regulations/sep-2018/sebi-issue-of-capital-and-disclosure-requirements-regulations-2018_40328.html,N/A,gemma-3n-E4B-it (Together AI),"Okay, let's break down the minimum initial promoter contribution and lock-in period requirements for a Main Board IPO under the SEBI (ICDR) Regulations, 2018.

**Minimum Initial Promoter Contribution**

According to the SEBI (ICDR) Regulations, 2018, the minimum initial contribution of the promoter(s) to the paid-up capital of the company is **10%**.

**Lock-in Period**

The lock-in period for promoters and pre-IPO shareholders is **3 years** from the date the IPO is listed on the stock exchanges.

**Important Considerations and Nuances:**

*   **Definition of Promoter:**  ""Promoter"" is defined broadly under the ICDR Regulations. It includes individuals or entities who, alone or in concert, have the right to exercise voting power or control over the company.
*   **Exceptions to Lock-in:** There are specific exceptions to the lock-in period. These include:
    *   **Transfer to Relatives:** Transfers to relatives are generally permitted.
    *   **Transfer to a Trust:**  Transfers to a trust are permissible.
    *   **Divorce/Legal Separation:**  In case of divorce or legal separation, the promoter may be able to transfer shares.
    *   **Death of a Promoter:** Shares held by a promoter who has died can be transferred to their nominee.
    *   **Certain Specific Circumstances:** The ICDR Regulations provide for other limited exceptions.
*   **Compliance is Crucial:**  Strict compliance with the lock-in period is mandatory.  Failure to comply can lead to penalties and legal repercussions for the company and the promoter(s).
*  **Purpose of Lock-in:**  The lock-in period is designed to ensure the stability of the company's ownership structure and prevent manipulation of the market in the initial period after listing.



**Disclaimer:** I am an AI Chatbot and not a financial or legal advisor. This information is for general knowledge and informational purposes only, and does not constitute financial or legal advice.  It is essential to consult with a qualified professional for advice tailored to your specific situation.  The SEBI ICDR Regulations are complex, and interpretations can evolve. You should refer to the official SEBI ICDR Regulations, 2018, for the most accurate and up-to-date information. You can find them on the SEBI website.



You can find the official SEBI ICDR Regulations 2018 here: [https://www.sebi.gov.in/rules/icdr-regulations-2018/other-related-circulars/13258_e.html](https://www.sebi.gov.in/rules/icdr-regulations-2018/other-related-circulars/13258_e.html)



"
SEBI-T1-03,1,"What is the mandatory trigger percentage for an open offer under Regulation 3(1) of the SEBI (Substantial Acquisition of Shares and Takeovers) Regulations, 2011?","Under Regulation 3(1) of SEBI (SAST) Regulations, 2011, an acquirer who acquires shares or voting rights that entitle them to exercise 25% or more of the voting rights in a target company must make a public announcement of an open offer to acquire at least an additional 26% of the voting rights.","SEBI (SAST) Regulations, 2011, Regulation 3(1) & Regulation 7(1)",https://www.sebi.gov.in/legal/regulations/sep-2011/sebi-substantial-acquisition-of-shares-and-takeovers-regulations-2011_21136.html,N/A,gemma-3n-E4B-it (Together AI),"Under Regulation 3(1) of the SEBI (Substantial Acquisition of Shares and Takeovers) Regulations, 2011, if an acquirer obtains **10% or more** of the voting rights of the company, they are obligated to make an open offer to the remaining shareholders.

Therefore, the mandatory trigger percentage for an open offer is **10%**.
"
SEBI-T1-04,1,"Under SEBI (LODR) Regulations, 2015, within how many hours must a listed entity disclose outcome of a Board Meeting regarding financial results?","Under Regulation 30(6) read with Schedule III Part A of SEBI (LODR) Regulations, 2015, the outcome of the Board Meeting considering financial results must be disclosed to stock exchanges within 30 minutes of the closure of the board meeting.","SEBI (LODR) Regulations, 2015, Regulation 30(6), Schedule III Part A Para A.4",https://www.sebi.gov.in/legal/regulations/jan-2024/sebi-listing-obligations-and-disclosure-requirements-regulations-2015-last-amended-on-january-10-2024-_80644.html,N/A,gemma-3n-E4B-it (Together AI),"Under SEBI (LODR) Regulations, 2015, a listed entity must disclose the outcome of a Board Meeting regarding financial results **within 48 hours** of the date of the meeting.

Here's a breakdown of the relevant regulation:

**Regulation 39(1)** states that a listed company shall disclose the outcome of the Board meeting relating to financial results within 48 hours of the date of the meeting.

Therefore, the deadline is strictly **48 hours**.  This is a critical timeline for ensuring timely information dissemination to investors.



"
SEBI-T1-05,1,"What is the maximum investment limit allowed by a single investor in an Angel Fund under SEBI (AIF) Regulations, 2012?","Under Regulation 19F of SEBI (AIF) Regulations, 2012, no angel investor can invest more than Rs. 10 Crores in a single angel fund. Additionally, the minimum investment per angel investor in an angel fund is Rs. 25 Lakhs.","SEBI (Alternative Investment Funds) Regulations, 2012, Regulation 19F",https://www.sebi.gov.in/legal/regulations/may-2012/sebi-alternative-investment-funds-regulations-2012_22864.html,N/A,gemma-3n-E4B-it (Together AI),"Under SEBI's Alternative Investment Funds (AIF) Regulations, 2012, the maximum investment limit allowed by a single investor in an Angel Fund is **20% of the fund size.**

Here's a more detailed breakdown:

*   **General Limit:** An investor cannot invest more than 20% of the fund's total corpus (size).
*   **Exceptions:** There can be exceptions to this rule, but they are usually subject to specific conditions and require the approval of SEBI.  These exceptions might relate to institutional investors or sophisticated investors with a proven track record.
*   **Fund Size Matters:** The 20% limit is always calculated based on the *total size* of the Angel Fund.

**Important Note:**  It's crucial to consult the fund's offering documents (like the Private Placement Memorandum or Information Memorandum) for the exact terms and conditions regarding investment limits.  These documents will outline any specific exceptions or limitations applied by the fund manager.  Also, regulations can change, so always refer to the latest SEBI AIF Regulations.



You can find more information on the SEBI website: [https://www.sebi.gov.in/](https://www.sebi.gov.in/)  (Search for ""AIF Regulations 2012"").



"
SEBI-T1-06,1,"Under SEBI (Mutual Funds) Regulations, 1996, what is the maximum total expense ratio (TER) allowed for an equity-oriented mutual fund scheme with AUM up to Rs. 500 Crores?","Under Regulation 52(6)(c) of SEBI (Mutual Funds) Regulations, 1996, the maximum total expense ratio (TER) allowed for an equity scheme on the first Rs. 500 Crores of daily net assets is 2.25%.","SEBI (Mutual Funds) Regulations, 1996, Regulation 52(6)(c)",https://www.sebi.gov.in/legal/regulations/dec-1996/sebi-mutual-funds-regulations-1996-last-amended-on-jan-2024_80800.html,N/A,gemma-3n-E4B-it (Together AI),"Under the SEBI (Mutual Funds) Regulations, 1996, the maximum total expense ratio (TER) allowed for an equity-oriented mutual fund scheme with an Asset Under Management (AUM) up to ₹500 Crores is **2.25%** (inclusive of all taxes).

Here's a breakdown and important considerations:

*   **General Limit:** While the general limit for equity schemes is 2.25%, the regulations provide a tiered structure based on AUM.
*   **AUM Threshold:**  For schemes with AUM up to ₹500 Crores, the TER is capped at 2.25%.
*   **Higher AUM, Lower TER:** As the AUM increases, the maximum TER allowed decreases.  For example, schemes with AUM between ₹500 Crores and ₹1000 Crores have a maximum TER of 2.00%, and for AUM above ₹1000 Crores, it's 1.75%.
*   **Inclusive of Taxes:** The TER includes all taxes levied on the fund.
*  **SEBI Circulars:** It’s important to refer to the latest SEBI circulars for any updates or modifications to these regulations, as they can change. You can find these on the SEBI website ([https://www.sebi.gov.in/](https://www.sebi.gov.in/)).

**Disclaimer:** I am an AI Chatbot and not a financial advisor. This information is for general knowledge and informational purposes only, and does not constitute investment advice. It is essential to consult with a qualified financial advisor before making any investment decisions.  Regulations can change, so always verify the latest information from official sources like SEBI.



"
SEBI-T1-07,1,"What is the timeline for submitting quarterly financial results by a listed entity under Regulation 33 of SEBI (LODR) Regulations, 2015?","Under Regulation 33(3)(a) of SEBI (LODR) Regulations, 2015, un-audited/audited quarterly financial results must be submitted to stock exchanges within 45 days from the end of each quarter (except for the last quarter, where audited annual results must be submitted within 60 days of the end of the financial year).","SEBI (LODR) Regulations, 2015, Regulation 33(3)(a) & 33(3)(d)",https://www.sebi.gov.in/legal/regulations/jan-2024/sebi-listing-obligations-and-disclosure-requirements-regulations-2015-last-amended-on-january-10-2024-_80644.html,N/A,gemma-3n-E4B-it (Together AI),"Okay, here's a breakdown of the timeline for submitting quarterly financial results by a listed entity under Regulation 33 of SEBI (Listing Obligations and Disclosure Requirements - LODR) Regulations, 2015.  I'll cover the key deadlines and related considerations.

**Key Timeline & Deadlines (as of the current regulations):**

*   **Within 30 Days:** The company *must* submit its quarterly financial results (including Standalone and Consolidated Financial Statements) to the following:

    *   **SEBI (Securities and Exchange Board of India):**  This is done electronically through the e-Filing portal.
    *   **The Stock Exchange(s) where the securities are listed:** Again, this is done electronically through the exchange's portal.
    *   **Depositors (if applicable):**  If the company has depositors, they must also be informed.
    *   **Creditors (if applicable):**  Similar to depositors, creditors must be informed.
    *   **Any other regulatory authorities as required.**

*   **Publication on Company Website:**  The company *must* also publish the quarterly financial results on its website within **30 days** of the date of approval by the Board of Directors.  This is in addition to filing with SEBI and the exchanges.

*   **Board Meeting & Approval:** The Board of Directors must meet to review and approve the quarterly financial results *before* they are submitted to SEBI and the exchanges.  The timing of this meeting is critical to meeting the 30-day deadline.

**Important Considerations & Nuances:**

1.  **Date of Financial Results:** The financial results are typically for the quarter ending on a specific date (e.g., March 31st, June 30th, September 30th, December 31st).

2.  **Board Meeting Schedule:**  Companies need to plan their Board meeting schedule carefully to ensure that the results are approved within the 30-day window.  Consider the time required for:
    *   Preparation of the financial results.
    *   Board review and discussion.
    *   Board approval.
    *   Preparation for filing with SEBI and the exchanges.

3.  **e-Filing Portal:**  Filing with SEBI and the exchanges is done through the e-Filing portal. Companies need to ensure they have the necessary access and expertise to use the portal effectively.

4.  **Format & Content:**  The financial results must be prepared in accordance with the applicable accounting standards (e.g., Ind AS or IFRS) and must include all the required disclosures as specified by SEBI and the exchanges.

5.  **Timely Submission is Crucial:**  Failing to meet the 30-day deadline can result in penalties, including monetary fines and regulatory scrutiny.  Delays can also negatively impact investor confidence.

6. **Quarterly Publication in Newspapers:** The company also needs to publish the financial results in at least one national newspaper (English and/or Regional language) within 30 days of the approval by the Board.

**In Summary:**

The core timeline is **30 days** from the end of the quarter to submit the financial results.  However, the Board meeting schedule and preparation time are critical factors in ensuring compliance.

**Disclaimer:**  I am an AI Chatbot and not a financial or legal advisor. This information is for general guidance only and should not be considered as professional advice.  Companies should always consult with their legal and accounting advisors to ensure compliance with all applicable regulations. It is always best to refer to the official SEBI (LODR) Regulations, 2015 for the most up-to-date and accurate information. You can find the regulations on the SEBI website ([https://www.sebi.gov.in/](https://www.sebi.gov.in/)).



"
SEBI-T1-08,1,What is the mandatory minimum public shareholding (MPS) requirement for listed companies in India under SCRR Rule 19A & SEBI regulations?,"Under Rule 19A of Securities Contracts (Regulation) Rules, 1957 (SCRR) and SEBI guidelines, every listed company must maintain a minimum public shareholding (MPS) of at least 25%. Newly listed companies achieving less than 25% at IPO have a specified timeframe to comply.","SCRR, 1957 Rule 19A & SEBI (LODR) Regulations Regulation 38",https://www.sebi.gov.in/legal/rules/jul-1957/securities-contracts-regulation-rules-1957_18968.html,N/A,gemma-3n-E4B-it (Together AI),"Okay, here's the information on the Mandatory Public Shareholding (MPS) requirement for listed companies in India, based on the Securities and Exchange Board of India (SEBI) regulations and the Securities Contracts (Regulation) Act, 1956 (SCRR) Rule 19A.

**Current Mandatory Public Shareholding (MPS) Requirement:**

As of **April 1, 2024**, the mandatory public shareholding for listed companies in India is **at least 25%** of the total issued, paid-up capital.

**Breakdown & Key Points:**

*   **Who is considered ""Public""?**  ""Public shareholders"" are defined as shareholders who do not include promoters or directors of the company.
*   **Applicability:** This requirement applies to all listed companies on stock exchanges in India (BSE and NSE).
*   **Compliance Deadline:** Companies were required to comply with this requirement by **March 31, 2024.**  Non-compliance resulted in penalties and potential action by SEBI.
*   **Penalties for Non-Compliance:** Companies failing to meet the MPS requirement faced penalties, which could include monetary fines and restrictions on corporate actions.
*   **Exemptions:** There were limited exemptions available under specific circumstances as outlined by SEBI. These usually related to situations where achieving the MPS was demonstrably impractical.
*   **SEBI Regulations:** The MPS requirement is primarily governed by SEBI's regulations, specifically SEBI (Listing Obligations and Disclosure Requirements) Regulations, 2015, as amended.  These regulations provide detailed guidelines and procedures for compliance.
*   **SCRR Rule 19A:**  The SCRR Rule 19A provides the legal framework under the Securities Contracts (Regulation) Act, 1956, that allows SEBI to specify the MPS requirement.  It essentially empowers SEBI to mandate this level of public holding.

**Where to Find Official Information:**

*   **SEBI Website:** The most reliable source is the official SEBI website: [https://www.sebi.gov.in/](https://www.sebi.gov.in/)  Look for the SEBI (Listing Obligations and Disclosure Requirements) Regulations, 2015, and related circulars.
*   **BSE and NSE Websites:** The Bombay Stock Exchange (BSE) and the National Stock Exchange (NSE) websites also provide information on listing regulations, including MPS requirements.



**Important Note:** Regulations can change. Always refer to the latest official SEBI notifications and circulars for the most up-to-date information. I have provided the current requirement as of today, but it's crucial to verify this information with official sources before making any business decisions.



**Disclaimer:** I am an AI chatbot and cannot provide financial or legal advice. This information is for general knowledge and informational purposes only, and does not constitute professional advice. You should consult with a qualified financial advisor or legal professional for any specific guidance related to your situation.



"
SEBI-T1-09,1,"Under SEBI (SAST) Regulations, 2011, what is the creeping acquisition limit allowed per financial year without triggering an open offer for acquirers holding between 25% and 75%?","Under Regulation 3(2) of SEBI (SAST) Regulations, 2011, an acquirer holding 25% or more but less than 75% can acquire up to an additional 5% of voting rights in a financial year without triggering an open offer requirement.","SEBI (SAST) Regulations, 2011, Regulation 3(2)",https://www.sebi.gov.in/legal/regulations/sep-2011/sebi-substantial-acquisition-of-shares-and-takeovers-regulations-2011_21136.html,N/A,gemma-3n-E4B-it (Together AI),"Under the SEBI (SAST) Regulations, 2011, for acquirers holding between 25% and 75% of a company's equity shares, the creeping acquisition limit allowed per financial year **without triggering an open offer is 5%**.

Here's a breakdown of the relevant regulations:

*   **Regulation 4(3) of the SEBI (SAST) Regulations, 2011:** This regulation outlines the conditions under which a creeping acquisition is permissible without triggering an open offer.
*   **Creeping Acquisition Limit:**  An acquirer can increase its stake in a target company by a maximum of 5% in any single financial year without being obligated to launch an open offer.
*   **Thresholds and Open Offer Trigger:**  Once the acquirer's stake crosses certain thresholds (25%, 50%, 75%, or 80% or more), an open offer is triggered, requiring the acquirer to make an offer to the remaining shareholders.

**Important Note:** These regulations are subject to change. It's always best to refer to the most current version of the SEBI (SAST) Regulations, 2011 and related circulars issued by SEBI for the most up-to-date information. You can find these on the SEBI website ([https://www.sebi.gov.in/](https://www.sebi.gov.in/)).



**Disclaimer:** I am an AI Chatbot and not a legal professional. This information is for general guidance only and should not be considered as legal advice.  Consult with a qualified legal professional for advice specific to your situation.



"
SEBI-T1-10,1,"What is the statutory lock-in period for anchor investors in a main board public issue under SEBI (ICDR) Regulations, 2018?","Under Regulation 259 of SEBI (ICDR) Regulations, 2018 (as amended), 50% of the anchor investor allocation is locked in for 30 days, while the remaining 50% is locked in for 90 days from the date of allotment.","SEBI (ICDR) Regulations, 2018, Schedule XIII / Regulation 259",https://www.sebi.gov.in/legal/regulations/sep-2018/sebi-issue-of-capital-and-disclosure-requirements-regulations-2018_40328.html,N/A,gemma-3n-E4B-it (Together AI),"Under SEBI (Issue of Capital and Disclosure Requirements) Regulations, 2018, as amended, the statutory lock-in period for anchor investors in a main board public issue is **generally 30 days** from the completion of the issue.

However, there's a crucial exception:

*   **If the issue price is at a premium of 20% or more over the floor price, the lock-in period is reduced to 15 days.**

It's important to note that this lock-in period applies to all shareholders who were allotted shares as anchor investors.

You can find the precise details in **Regulation 19(5) of the SEBI (ICDR) Regulations, 2018.**

**Disclaimer:** I am an AI chatbot and cannot provide legal advice. This information is for general knowledge only. Always refer to the official SEBI regulations and consult with a legal professional for specific guidance related to your situation. You can find the official regulations on the SEBI website: [https://www.sebi.gov.in/](https://www.sebi.gov.in/)



"
SEBI-T2-01,2,"What distinguishes a 'Connected Person' from a 'Designated Person' under the SEBI (Prohibition of Insider Trading) Regulations, 2015, and why does this distinction matter for compliance?","A 'Connected Person' (Regulation 2(1)(d)) is defined objectively by association with the company (e.g. director, officer, employee, or frequent contact) that allows access to UPSI, carrying a rebuttable legal presumption of possessing UPSI. A 'Designated Person' is an internal classification designated by the company board (e.g. key executives, finance team, promoters) subject to strict internal code of conduct, trading window restrictions, and pre-clearance requirements.","SEBI (PIT) Regulations, 2015, Regulation 2(1)(d) & Schedule B",https://www.sebi.gov.in/legal/regulations/jan-2015/sebi-prohibition-of-insider-trading-regulations-2015-last-amended-on-nov-24-2022-_38830.html,N/A,gemma-3n-E4B-it (Together AI),"Okay, let's break down the distinction between a ""Connected Person"" and a ""Designated Person"" under the SEBI (Prohibition of Insider Trading) Regulations, 2015, and why this difference is crucial for compliance.

**1. Designated Person**

*   **Definition:** A Designated Person is an employee of a listed company or an associate of a listed company who *has access to unpublished price sensitive information (UPSI)*.  Essentially, this is someone who, by virtue of their role or position, *should* know about confidential information that could impact the company's stock price.
*   **Examples:**
    *   Company executives (CEO, CFO, etc.)
    *   Financial analysts
    *   Employees in roles dealing with mergers and acquisitions
    *   Legal counsel privy to sensitive deals
    *   Anyone with access to internal reports containing UPSI.
*   **Responsibilities:** Designated persons are the *primary* point of contact for ensuring compliance with the insider trading regulations.  They are responsible for:
    *   Implementing and monitoring the company's insider trading compliance program.
    *   Preventing insider trading by others.
    *   Reporting any instances of potential insider trading.
    *   Ensuring that other employees are aware of the regulations and their obligations.
    *   Maintaining the confidentiality of UPSI.

**2. Connected Person**

*   **Definition:** A Connected Person is a *wider* category than a Designated Person.  It includes not only employees and associates of the listed company but also a broader range of individuals who have a close relationship with the company and have access to UPSI, or *may reasonably be expected to have access to UPSI*.  The key is the *relationship* and the *potential* for access.
*   **Who is considered a Connected Person?**  The Regulations specify a detailed list.  Here's a breakdown of common categories:
    *   **Relatives:** Spouses, parents, children, siblings, and their spouses.  (This extends to in-laws as well).
    *   **Companies Controlled:**  Companies where a person has significant control (typically 25% or more of the voting rights).
    *   **Entities with whom the Company has a Significant Relationship:** This can include investment banks, brokers, consultants, and other entities that have a close business relationship with the listed company, and which may have access to UPSI.
    *   **Beneficial Owners:** Individuals who directly or indirectly hold more than 10% of the company's share capital.
    *   **Board Members and Senior Management:**  (This overlaps somewhat with Designated Persons, but it's a separate category defined in the regulations).
    *   **Others:**  Individuals who, by virtue of their relationship with a Designated Person or an employee of the company, have access to UPSI.  This is a broader catch-all.
*   **Responsibilities:** Connected persons have the same obligations as Designated Persons, specifically regarding *not* trading in UPSI. They are subject to the same restrictions and prohibitions. They have a duty to *not* trade or procure trades based on UPSI.  Their actions are scrutinized.

**Key Differences Summarized**

| Feature          | Designated Person                                   | Connected Person                                               |
|------------------|----------------------------------------------------|---------------------------------------------------------------|
| **Scope**         | Narrower - Employees/Associates with access to UPSI | Broader - Relatives, Controlled Companies, Entities with close relationships, Beneficial Owners, etc. |
| **Focus**         | Internal Compliance & Prevention                   | Preventing Insider Trading by a wider network of individuals      |
| **Access to UPSI** | Must have access to UPSI                         | May have access or be reasonably expected to have access to UPSI |
| **Role**          | Primarily responsible for compliance implementation | Subject to the same restrictions as Designated Persons       |



**Why Does This Distinction Matter for Compliance?**

The distinction between Designated Persons and Connected Persons is *critical* for effective insider trading compliance for several reasons:

1.  **Expanded Scope of Responsibility:**  Recognizing Connected Persons extends the reach of the regulations beyond just employees.  It acknowledges that insider trading can occur through a network of individuals connected to the company.  Ignoring this broader network creates vulnerabilities.
2.  **Risk Mitigation:**  By identifying and managing the risks associated with Connected Persons, companies can significantly reduce the likelihood of insider trading.  Knowing who these individuals are, and what information they might have access to, allows for proactive monitoring and control measures.
3.  **Effective Monitoring:**  Compliance programs must include mechanisms for monitoring the trading activities of Designated Persons and Connected Persons.  This includes tracking transactions, investigating suspicious activity, and ensuring that individuals are aware of their obligations.
4.  **Preventing ""Leakage"":**  A Connected Person might inadvertently or intentionally leak UPSI to a Designated Person, who then uses it for trading. The regulations aim to prevent this ""leakage"" through a comprehensive definition of ""Connected Person.""
5. **Due Diligence:** Companies need to conduct due diligence to identify all relevant Connected Persons. This might involve reviewing organizational charts, examining financial relationships, and conducting background checks.
6.  **Maintaining Market Integrity:**  The regulations aim to maintain fair and transparent markets. By extending the scope of the regulations to include Connected Persons, SEBI aims to deter insider trading and protect investors.


**In essence:**  A Designated Person is a key internal gatekeeper, while a Connected Person represents a broader network of potential risks that a company must actively manage to maintain compliance and market integrity. Failing to adequately identify and manage Connected Persons can expose a company to severe regulatory penalties, reputational damage, and legal liability.



**Disclaimer:** *I am an AI Chatbot and not a legal professional. This information is for educational purposes only and should not be considered legal advice.  You should consult with a qualified legal expert for advice regarding your specific situation.*



"
SEBI-T2-02,2,"How do Category I, Category II, and Category III Alternative Investment Funds (AIFs) differ in terms of leverage allowed and fund objective under SEBI (AIF) Regulations, 2012?",Category I & II AIFs are restricted from taking leverage except for meeting temporary day-to-day operational requirements (up to 30 days and 10% of investible funds). Category III AIFs employ complex/diverse trading strategies (including hedge funds) and are explicitly permitted to engage in leverage/derivatives up to 2 times the NAV.,"SEBI (AIF) Regulations, 2012, Regulation 3(2) & Regulation 18",https://www.sebi.gov.in/legal/regulations/may-2012/sebi-alternative-investment-funds-regulations-2012_22864.html,N/A,gemma-3n-E4B-it (Together AI),"Okay, here's a breakdown of the differences between Category I, Category II, and Category III Alternative Investment Funds (AIFs) under the SEBI (Alternative Investment Funds) Regulations, 2012, focusing on leverage and fund objectives. I'll present the key distinctions in a clear and organized manner.

**Important Disclaimer:** *I am an AI assistant and cannot provide financial or legal advice. This information is for general understanding only and should not be considered a substitute for professional consultation with a qualified financial advisor or legal expert.*  Regulations can change, so always refer to the official SEBI website and the most current versions of the regulations.



**Understanding the Categories**

The SEBI (AIF) Regulations, 2012 categorize AIFs based on the type of assets they invest in, the investment strategies they employ, and the level of risk they undertake. This categorization is designed to protect investors while allowing for innovation in investment strategies.

**Here's a detailed comparison:**

| Feature           | Category I AIFs                                   | Category II AIFs                                  | Category III AIFs                                    |
|--------------------|----------------------------------------------------|----------------------------------------------------|-----------------------------------------------------|
| **Typical Investments** |  Real Estate, Infrastructure, Gold, Commodities | Private Equity, Venture Capital, Real Estate (as co-investor) | Hedge Funds (various strategies)                     |
| **Fund Objective**  |  *   Long-term capital appreciation.  *   Generation of stable returns.  *   Often focused on tangible assets. | *   Capital Appreciation. *   Generate returns through active investment management. *  Focus on growth opportunities.   | *   Return Generation (absolute returns). *   Diversified returns across market cycles. *   Utilize a wide range of investment strategies. |

**1. Leverage Allowed:**

This is a crucial difference, and the regulations impose strict limitations on leverage to manage risk.

*   **Category I AIFs:**  **Limited Leverage.**  Generally, Category I AIFs are restricted from using leverage.  The regulations generally prohibit the use of leverage, or if permitted, it is subject to very strict limits and conditions.  The focus is on preserving capital and generating stable returns from underlying assets.  This is a core characteristic of this category.  (Note:  There might be very specific, limited exceptions, but these are rare and heavily scrutinized.)

*   **Category II AIFs:** **Moderate Leverage.**  Category II AIFs are permitted to use leverage, but it is subject to restrictions. The amount of leverage is generally limited to a certain multiple of net asset value (NAV).  The SEBI regulations specify the maximum leverage limits, which can vary based on the specific investment strategy and the fund's risk profile.  The leverage is typically used to enhance returns.

*   **Category III AIFs:**  **Higher Leverage.** Category III AIFs are permitted to employ the highest levels of leverage among the three categories.  This is because they often employ more complex and aggressive investment strategies, such as derivatives trading and short selling. The regulations still impose limits, but they are generally higher than those for Category I and II AIFs.  The use of leverage is a key component of their investment approach.

**2.  Investment Restrictions & Other Key Differences**

| Feature             | Category I AIFs                                                                                                  | Category II AIFs                                                                                             | Category III AIFs                                                                                                   |
|----------------------|-----------------------------------------------------------------------------------------------------------------|-------------------------------------------------------------------------------------------------------------|--------------------------------------------------------------------------------------------------------------------|
| **Lock-in Period**   |  Typically 7 years.                                                                                               | Typically 7 years.                                                                                              | Typically 7 years.                                                                                                |
| **Investor Profile** |  High net worth individuals, institutional investors (e.g., pension funds, insurance companies).                     | High net worth individuals, institutional investors.                                                            | Primarily institutional investors (e.g., hedge funds, endowments, family offices).                                |
| **Reporting Requirements** | Generally simpler than Category II and III.                                                                   | More detailed reporting requirements than Category I.                                                              | Most complex reporting requirements, including detailed disclosures on investment strategies and risk management.    |
| **Fund Size**        | Minimum fund size requirements apply. (Can vary based on the specific AIF structure)                               | Minimum fund size requirements apply. (Can vary based on the specific AIF structure)                              | Minimum fund size requirements apply. (Can vary based on the specific AIF structure)                               |
| **Investment Strategy**|  Focus on tangible assets, long-term holding periods, and generating stable income or capital appreciation.        | Active investment management, seeking to generate returns through a variety of strategies (growth, value, etc.). | Diverse investment strategies, including long/short equity, event-driven, arbitrage, and macro strategies.       |
| **Transparency**     |  Requires disclosure of investment strategy, risk factors, and performance.                                         | Requires disclosure of investment strategy, risk factors, and performance.                                         | Requires extensive disclosure of investment strategy, risk factors, portfolio holdings, and performance.              |


**Summary Table:**

| Characteristic | Category I | Category II | Category III |
|---|---|---|---|
| **Leverage** | Very Limited/Prohibited | Moderate | High |
| **Fund Objective** | Stable Returns, Capital Preservation | Capital Appreciation | Absolute Returns, Diversification |
| **Typical Investments** | Real Estate, Infrastructure, Gold | Private Equity, Venture Capital | Hedge Fund Strategies |
| **Investor Profile** | High Net Worth Individuals, Institutions | High Net Worth Individuals, Institutions | Primarily Institutions |



**Where to Find the Official Regulations:**

*   **SEBI Website:** The official source for the SEBI (AIF) Regulations, 2012, and any amendments is the SEBI website: [https://www.sebi.gov.in/](https://www.sebi.gov.in/)  (Search for ""SEBI AIF Regulations 2012"")
*   **Ministry of Corporate Affairs (MCA) Website:**  You can also find related information on the MCA website.



**Important Considerations:**

*   **Risk Tolerance:** The category of AIF is directly related to the level of risk investors are willing to take.
*   **Due Diligence:** Investors must conduct thorough due diligence on any AIF before investing, regardless of the category.
*   **Regulatory Changes:**  The regulations governing AIFs are subject to change.  Stay updated on the latest developments.



I hope this comprehensive explanation is helpful! Let me know if you have any other questions.



"
SEBI-T2-03,2,What is the key regulatory distinction between an SME IPO platform and a Main Board IPO under SEBI (ICDR) Regulations regarding track record and minimum net tangible assets?,"Main Board IPO requires net tangible assets of at least Rs. 3 Crores in each of the preceding 3 full years and operating profit in 3 of the last 5 years (or QIB route). SME IPO (Chapter IX) requires a minimum post-issue face value capital of up to Rs. 25 Crores, track record of 2 years, and 100% underwriting requirement.","SEBI (ICDR) Regulations, 2018, Regulation 6 (Main Board) vs Regulation 229 (SME)",https://www.sebi.gov.in/legal/regulations/sep-2018/sebi-issue-of-capital-and-disclosure-requirements-regulations-2018_40328.html,N/A,gemma-3n-E4B-it (Together AI),"Okay, here's a breakdown of the key regulatory distinctions between SME IPO platforms and Main Board IPOs under the SEBI (Issue of Capital and Disclosure Requirements) Regulations, focusing specifically on track record and minimum net tangible assets.  I'll outline the differences and provide context.

**Key Regulatory Distinction: SME IPOs vs. Main Board IPOs (SEBI ICDR Regulations)**

The primary difference lies in the target investor base, the size of the offering, and the associated regulatory requirements. SME IPOs are designed for smaller companies, while Main Board IPOs are for larger, more established businesses.  This difference is reflected in the requirements for track record and net tangible assets.

**1. Track Record Requirements:**

*   **Main Board IPOs:**
    *   **Significant Operating History:** Companies applying for a Main Board IPO are generally expected to have a substantial operating history. SEBI expects a proven track record of business operations, financial performance, and market presence.
    *   **Minimum Requirement:**  The SEBI Board has specified minimum operational criteria for Main Board IPOs. These typically include:
        *   **Minimum Net Worth:**  A minimum net worth requirement (currently ₹30 crore, subject to change). This is a significant indicator of financial stability and operational scale.
        *   **Minimum Revenue:** A minimum annual turnover requirement (currently ₹100 crore, subject to change).
        *   **Operational Period:** Generally, a minimum of 3 years of operational experience.  The company should have a demonstrated history of generating revenue and profits.
        *   **Profitability:**  A history of profitability or a clear path to profitability.
        *   **Industry Specifics:** SEBI also considers industry-specific factors and may have additional requirements depending on the sector.
        *   **Listing Criteria:** Companies need to meet other listing criteria defined by the exchange (BSE or NSE).

*   **SME IPOs (a.k.a. AIM - Alternative Investment Method):**
    *   **Relaxed Track Record:** SME IPOs have considerably more relaxed track record requirements compared to Main Board IPOs. This is to facilitate access to capital for smaller companies that may not have the same level of operational history.
    *   **Minimum Requirement:**
        *   **Operational Period:** A minimum of 3 years of operational experience is generally required.
        *   **Minimum Net Worth:** A minimum net worth of ₹10 crore.
        *   **Minimum Raisable Capital:** Minimum of ₹5 crore.
        *   **No Minimum Turnover:** Unlike Main Board IPOs, there is typically no minimum turnover requirement for SME IPOs.
        *   **Focus on Potential:** The focus is more on the company's potential for growth rather than a lengthy past performance.

**2. Minimum Net Tangible Assets (NTA):**

*   **Main Board IPOs:**
    *   **Minimum NTA:**  A minimum Net Tangible Assets (NTA) requirement is a crucial factor. As of the latest regulations, the minimum NTA for a Main Board IPO is **₹30 crore**. NTA is calculated as:
        *   **NTA = Total Assets - Total Liabilities**
        *   *Important Note:*  The definition of ""tangible assets"" is specified by SEBI and generally excludes items like goodwill, intangible assets, and investments in related parties.
    *   **Significance:** NTA represents the company's net worth in terms of assets that can be readily converted to cash. It's a key indicator of financial strength and solvency.

*   **SME IPOs:**
    *   **Minimum NTA:** The minimum Net Tangible Assets (NTA) requirement for SME IPOs is **₹10 crore**.
    *   **Lower Threshold:** This is significantly lower than the Main Board requirement, reflecting the smaller size and stage of development of SME companies.
    *  **Focus on Growth:** While NTA is still important, the focus is more on the company's future growth prospects and ability to generate returns.

**Summary Table:**

| Feature               | Main Board IPO                                  | SME IPO                                      |
| --------------------- | ----------------------------------------------- | --------------------------------------------- |
| **Track Record**      | Significant operating history (3+ years)      | Minimum 3 years operational experience     |
| **Minimum Net Worth** | ₹30 crore (subject to change)                | ₹10 crore                                     |
| **Minimum NTA**       | ₹30 crore                                      | ₹10 crore                                     |
| **Minimum Turnover**    | ₹100 crore (subject to change)                | No minimum turnover requirement               |
| **Focus**             | Proven performance, financial stability        | Growth potential, future prospects           |
| **Investor Base**     | Institutional and Retail investors             | Primarily Retail investors, also some IIPs   |



**Important Considerations:**

*   **Subject to Change:**  SEBI regulations are dynamic. The specific requirements (net worth, NTA, turnover) can be revised periodically. Always refer to the latest SEBI ICDR Regulations and circulars for the most current information.
*   **Industry Specifics:** SEBI may have specific requirements for certain industries.
*   **Other Disclosures:** Both Main Board and SME IPOs require extensive disclosures in the Red Herring Prospectus (RHP), including financial statements, risk factors, and management information.
*   **Due Diligence:**  Investors should conduct thorough due diligence on any company before investing in an IPO, regardless of whether it's a Main Board or SME IPO.

**Where to Find the Latest Information:**

*   **SEBI Website:** The official SEBI website ([https://www.sebi.gov.in/](https://www.sebi.gov.in/)) is the definitive source for regulations and circulars.
*   **SEBI ICDR Regulations:** Refer to the SEBI (Issue of Capital and Disclosure Requirements) Regulations, 2010.
*   **Exchange Websites:** BSE and NSE websites provide listing requirements and IPO-related information.



**Disclaimer:** I am an AI chatbot and cannot provide financial or legal advice. This information is for general knowledge and informational purposes only, and does not constitute advice. It is essential to consult with a qualified financial advisor or legal professional before making any investment decisions.



"
SEBI-T2-04,2,What is the distinction between 'Material Events' disclosed under Regulation 30(2) Part A (deemed material) vs Regulation 30(3) Part B (subject to materiality guidelines) of SEBI (LODR)?,"Part A events of Schedule III (e.g. acquisition, financial results, auditor appointment, fraud, board decisions) are deemed material and must be disclosed mandatorily without applying any threshold test. Part B events (e.g. commencement of commercial operations, dispute/litigation, licensing) are disclosed based on materiality guidelines framed by the board under quantitative thresholds.","SEBI (LODR) Regulations, 2015, Regulation 30(2), 30(3), and Schedule III Part A/B",https://www.sebi.gov.in/legal/regulations/jan-2024/sebi-listing-obligations-and-disclosure-requirements-regulations-2015-last-amended-on-january-10-2024-_80644.html,N/A,gemma-3n-E4B-it (Together AI),"Okay, let's break down the distinction between ""Material Events"" disclosed under Regulation 30(2) Part A (deemed material) and Regulation 30(3) Part B (subject to materiality guidelines) of the SEBI (Listing Obligations and Disclosure Requirements) Regulations.  This is a crucial area for listed companies in India.

**Core Difference: Pre-defined vs. Guideline-Based**

The fundamental difference lies in *how* materiality is determined and the *level of certainty* regarding disclosure.

*   **Regulation 30(2) Part A: Deemed Material Events**
    *   **Definition:** This part lists specific events that are *automatically* considered material.  The regulations *presume* that these events are significant enough to impact investors' decisions.
    *   **No Discretion:**  There's very little room for interpretation or judgment. If an event falls within this list, it *must* be disclosed.
    *   **Examples:**
        *   Changes in the company's net worth.
        *   Amalgamation, merger, or acquisition.
        *   Sale, lease, or other disposal of assets.
        *   Creation, alteration, or lapse of charge.
        *   Approvals from regulatory bodies.
        *   Significant contracts.
        *   Changes in the company's financial results (e.g., significant losses, unexpected profits).
    *   **Disclosure Timeline:**  These events generally require prompt disclosure, often within a specified timeframe (e.g., within T+1 or T+2 days).

*   **Regulation 30(3) Part B: Events Subject to Materiality Guidelines**
    *   **Definition:** This part covers events that *may* be material, but their materiality needs to be assessed based on specific guidelines provided in the regulations.  It's a more nuanced approach.
    *   **Materiality Assessment:**  The company must evaluate the event and determine whether it is *likely* to affect the company's stock price or the decision-making of investors.  This requires a degree of judgment.
    *   **Guideline-Based:** The regulations provide guidelines (e.g., factors to consider like financial impact, operational impact, reputational impact, etc.) to assist companies in making this assessment.
    *   **Examples:**
        *   Significant changes in business strategy.
        *   Entering into a joint venture.
        *   Major product recalls.
        *   Changes in key management personnel.
        *   Significant litigation.
        *   Changes in the company's financial performance that don't meet the automated thresholds of Part A but are still potentially significant.
    *   **Disclosure Timeline:**  Disclosure timelines are usually longer than for deemed material events (e.g., within T+20 days, but this can vary based on the event).

**Here's a table summarizing the key differences:**

| Feature             | Regulation 30(2) Part A (Deemed Material) | Regulation 30(3) Part B (Subject to Materiality Guidelines) |
| ------------------- | ----------------------------------------- | ------------------------------------------------------------ |
| **Materiality**     | Pre-defined, automatic                    | Requires assessment based on guidelines                     |
| **Discretion**      | Minimal                                   | Significant; requires company judgment                       |
| **Certainty**        | High                                      | Lower; depends on the assessment                             |
| **Examples**         | Specific list of events                   | Events requiring assessment against defined factors           |
| **Disclosure Time** | Generally faster (T+1 or T+2)              | Generally slower (e.g., T+20, but can vary)                 |

**Why the Distinction Matters**

*   **Investor Protection:**  The regulations aim to ensure investors are promptly informed about events that could affect the value of their investments.
*   **Transparency:**  The distinction promotes transparency by clearly outlining which events require immediate disclosure and which require a more considered assessment.
*   **Compliance:** Companies must understand the difference to ensure they comply with the SEBI regulations and avoid penalties.
*   **Risk Management:**  The process of assessing materiality under Part B encourages companies to think critically about potential risks and communicate them to investors.

**Important Notes:**

*   **Cumulative Effect:** Sometimes, a series of seemingly minor events, when considered together, can have a cumulative effect that makes them material. This needs to be considered during materiality assessment.
*   **Context Matters:** The materiality of an event can depend on the specific circumstances of the company and the industry it operates in.
* **Consult with Legal Counsel:** Companies should always consult with legal and compliance counsel to ensure proper interpretation and disclosure under these regulations.

I hope this detailed explanation clarifies the distinction between these two parts of Regulation 30. Let me know if you have any further questions.



**Disclaimer:** *I am an AI chatbot and cannot provide legal advice. This information is for general knowledge and informational purposes only, and does not constitute legal advice. You should consult with a qualified legal professional for advice regarding your specific situation.*



"
SEBI-T2-05,2,How does a Voluntary Open Offer under Regulation 6 of SEBI (SAST) differ from a Mandatory Open Offer under Regulation 3(1) regarding prior shareholding requirements?,"A Mandatory Open Offer (Reg 3(1)) is triggered when an acquirer reaches 25% voting rights. A Voluntary Open Offer (Reg 6) can only be made by an acquirer who prior to the offer holds at least 25% or more voting rights, but less than the maximum permissible non-public shareholding (75%). An acquirer holding under 25% cannot make a voluntary open offer.","SEBI (SAST) Regulations, 2011, Regulation 3(1) vs Regulation 6",https://www.sebi.gov.in/legal/regulations/sep-2011/sebi-substantial-acquisition-of-shares-and-takeovers-regulations-2011_21136.html,N/A,gemma-3n-E4B-it (Together AI),"Okay, let's break down the differences between Voluntary Open Offers (VOOs) under Regulation 6 of SEBI (SAST) and Mandatory Open Offers (MOOs) under Regulation 3(1) regarding prior shareholding requirements.  The key difference lies in *who* is required to make the offer and *why*.

**1. Voluntary Open Offer (Regulation 6 of SEBI (SAST))**

*   **Who Makes It:**  A company (the Offeror) *voluntarily* decides to make an offer to the public to acquire shares from existing shareholders.  This is a strategic decision by the company.
*   **Purpose:**  The company might want to:
    *   Increase its stake in the company.
    *   Delist the company (if the offer is for 100% of the shares).
    *   Change the control of the company.
    *   Raise capital.
    *   Consolidate shareholding.
*   **Prior Shareholding Requirement:** **There is no mandatory prior shareholding requirement.** The company can make a VOO regardless of its existing stake in the company.  The company is free to decide the terms of the offer (price, number of shares to be acquired, etc.). They are not *required* to have a certain percentage of shares initially to make the offer. The offer is based on the company's strategic objectives.
*   **Regulatory Framework:**  Regulation 6 outlines the procedural requirements, disclosure requirements, and timelines for making a VOO. It's governed by the SEBI (SAST) Regulations, 2024.
*   **Example:** A large institutional investor wants to increase its ownership in a company and makes a VOO to existing shareholders.

**2. Mandatory Open Offer (Regulation 3(1) of SEBI (SAST))**

*   **Who Makes It:** A company is *mandatorily* required to make an offer to the public when a specific threshold of shareholding is crossed. This is a regulatory requirement, not a strategic decision.
*   **Purpose:**  To ensure that a single entity (or a group of entities) doesn't acquire a controlling stake in the company without disclosing it to the market and allowing other shareholders to participate.  The primary goal is to maintain fairness and transparency in the market.
*   **Prior Shareholding Requirement:** **A mandatory prior shareholding threshold *must* be crossed before a MOO is triggered.** The threshold is:
    *   **For a single entity:**  Acquiring more than 10% of the voting rights of the company.
    *   **For a group of entities:** Acquiring more than 25% of the voting rights of the company.  (The definition of ""group"" is specified in the regulations).
*   **Regulatory Framework:** Regulation 3(1) essentially *triggers* the requirement for a MOO.  It dictates the timing and process for making the offer, including the disclosure of the acquirer's identity, intentions, and the terms of the offer.
*    **Example:** An investor gradually purchases shares in a company, and their cumulative holding reaches 10%, triggering a mandatory open offer to the remaining shareholders.

**Here's a table summarizing the key differences:**

| Feature | Voluntary Open Offer (Regulation 6) | Mandatory Open Offer (Regulation 3(1)) |
|---|---|---|
| **Initiation** | Company's voluntary decision | Regulatory requirement triggered by crossing a threshold |
| **Purpose** | Strategic (e.g., increase stake, delist, change control) | Regulatory (to ensure fairness and transparency) |
| **Prior Shareholding Requirement** | No mandatory requirement |  Must cross a specified threshold (10% for a single entity, 25% for a group) |
| **Control/Influence** | Can be made by any entity, regardless of existing stake | Triggered when a certain level of influence/control is achieved |

**In essence:**

*   A **VOO** is a company *choosing* to offer shares to the public.
*   A **MOO** is a company *forced* to offer shares to the public because it has acquired a significant stake.



**Disclaimer:** I am an AI chatbot and cannot provide financial or legal advice. This information is for educational purposes only and should not be considered a substitute for professional guidance. Always consult with a qualified financial advisor or legal expert for specific advice related to your circumstances.  Refer to the official SEBI (SAST) Regulations, 2024 for the most accurate and up-to-date information.



"
SEBI-T2-06,2,"What is the difference between Unpublished Price Sensitive Information (UPSI) and general non-public information under SEBI (PIT) Regulations, 2015?","UPSI under Regulation 2(1)(n) is non-public information specifically relating to a company or its securities that, if disclosed, is likely to materially affect the market price of the securities (e.g., financial results, dividends, M&A, capital structure changes). General non-public operational info that lacks price sensitivity does not constitute UPSI.","SEBI (PIT) Regulations, 2015, Regulation 2(1)(n)",https://www.sebi.gov.in/legal/regulations/jan-2015/sebi-prohibition-of-insider-trading-regulations-2015-last-amended-on-nov-24-2022-_38830.html,N/A,gemma-3n-E4B-it (Together AI),"Okay, let's break down the difference between Unpublished Price Sensitive Information (UPSI) and general non-public information under the SEBI (Prohibition of Insider Trading) Regulations, 2015.  This is a crucial distinction for anyone working with securities.

**Understanding the Core Concepts**

Before diving into the difference, let's define the terms:

*   **Insider Trading:**  Using unpublished price sensitive information (UPSI) for personal gain or to benefit someone else, or disclosing it to others who could use it for personal gain.  It's illegal and strictly prohibited.
*   **Unpublished Price Sensitive Information (UPSI):** This is the *key* concept. It refers to any information that, if published, could materially affect the price of a listed company's securities.  It's *unpublished* because it hasn't been released to the general public.
*   **Non-Public Information:** This is a broader category. It encompasses *any* information that is not generally available to the public.  It doesn't *necessarily* have to be price-sensitive.

**The Key Difference: Price Sensitivity**

The critical differentiator lies in **price sensitivity**.  Here's a detailed comparison:

| Feature             | Unpublished Price Sensitive Information (UPSI)                                                                                                                                     | General Non-Public Information                                                                                                                                                             |
| ------------------- | ----------------------------------------------------------------------------------------------------------------------------------------------------------------------------------- | ----------------------------------------------------------------------------------------------------------------------------------------------------------------------------------------- |
| **Definition**      | Information that, if disseminated to the public, is likely to materially affect the price of a listed company's securities.                                                        | Any information that is not generally available to the public.                                                                                                                            |
| **Price Impact**    | *Potentially* leads to a change in the price of the company's securities.  The information's sensitivity to price movement is the defining characteristic.                               | *May or may not* lead to a change in the price of the securities.  The information might be interesting, useful, or relevant, but not necessarily price-sensitive.                  |
| **Examples**        | *   Financial results (earnings, revenue, profit) before they are officially announced.  *   Mergers, acquisitions, or divestitures.  *   Significant contracts.  *   Major new product launches. *   Changes in management. *   Regulatory approvals/rejections. *   Significant litigation. | *   Internal strategy discussions (that are not price-sensitive).  *   Customer lists (if not publicly available).  *   Details of ongoing projects (if not price-sensitive). *   Employee performance reviews.  *   Internal market research data (if not price-sensitive). |
| **Regulation**       | Highly regulated under SEBI (PIT) Regulations, 2015.  Strict rules govern its handling, access, and disclosure.  Insider trading involving UPSI is a serious offense.               | Generally, less stringently regulated *if it isn't also UPSI*.  However, companies still have a responsibility to protect confidential information, even if it's not price-sensitive. |
| **Confidentiality** | Requires stringent confidentiality measures. Access is limited to those with a legitimate need to know.                                                                               | Confidentiality measures are important, but the level of rigor may be less than for UPSI.                                                                                              |

**In simpler terms:**

Think of it this way:

*   **UPSI is like a secret ingredient in a recipe.** If the recipe (the information) is revealed, it could dramatically change the taste (the price) of the dish (the stock).
*   **Non-public information is like a general discussion about cooking techniques.** It's interesting, but it doesn't necessarily change the fundamental ingredients or the final outcome.

**Important Considerations:**

*   **Materiality:**  The information must be *material*. This means it's significant enough that an investor would consider it important when making investment decisions. A minor, insignificant piece of information won't be considered UPSI.
*   **Circulation:** Even if information is initially UPSI, it can become non-UPSI if it's publicly disclosed (e.g., through an official announcement).
*   **Intent:**  The regulations also consider the *intent* of the person possessing the information.  Even if information isn't strictly UPSI, misuse or unauthorized disclosure can still be a violation.
*   **Company Policies:** Companies often have internal policies that go *beyond* the SEBI regulations to further protect confidential information.



**Disclaimer:** I am an AI Chatbot and not a financial or legal advisor. This information is for general knowledge and informational purposes only, and does not constitute legal or financial advice. It is essential to consult with a qualified professional for any specific legal or financial matters.  SEBI regulations are complex and subject to change.



I hope this explanation clarifies the difference between UPSI and general non-public information. Let me know if you have any further questions.



"
SEBI-T2-07,2,"What distinguishes a Qualified Institutions Placement (QIP) from a Rights Issue under SEBI (ICDR) Regulations, 2018?",A QIP (Chapter VI) is issued exclusively to Qualified Institutional Buyers (QIBs) on a private placement basis without a public prospectus. A Rights Issue (Chapter III) is offered to existing shareholders in proportion to their existing shareholding as of a record date.,"SEBI (ICDR) Regulations, 2018, Chapter III (Rights Issue) vs Chapter VI (QIP)",https://www.sebi.gov.in/legal/regulations/sep-2018/sebi-issue-of-capital-and-disclosure-requirements-regulations-2018_40328.html,N/A,gemma-3n-E4B-it (Together AI),"Okay, let's break down the differences between a Qualified Institutional Placement (QIP) and a Rights Issue under the SEBI (Issue of Capital and Disclosure Requirements) Regulations, 2018.  They are both methods for companies to raise capital, but they have distinct characteristics and implications.

Here's a detailed comparison:

**1. Qualified Institutional Placement (QIP)**

*   **Definition:** A QIP is a method of raising capital where a company issues shares to a select group of qualified institutional buyers (QIBs).  QIBs are typically large institutional investors like mutual funds, insurance companies, pension funds, foreign portfolio investors (FPIs), and banks.

*   **Target Investors:**  Specifically targets large institutional investors.  The focus is on attracting sophisticated investors who can absorb a significant amount of shares.

*   **Issue Process:**
    *   **No Public Offer:**  QIPs are *not* open to the general public.
    *   **Book-Building:** The company and its investment bankers conduct a book-building process to determine the price at which the shares will be issued.  This involves gauging investor demand at various price points.
    *   **Price Discovery:**  The price is usually determined based on the book-building process, often at a premium to the prevailing market price.
    *   **Faster Process:** Generally, QIPs can be completed more quickly than rights issues because they don't require shareholder approval (in most cases).

*   **Shareholder Approval:** Typically *does not* require shareholder approval, unless specified in the company's Articles of Association.

*   **Dilution:**  Dilution of existing shareholders is typically less than in a rights issue because the shares are offered to a smaller, more sophisticated group of investors.

*   **Pricing:**  Shares are usually offered at a premium to the current market price, reflecting the demand from QIBs.

*   **Regulatory Framework:** Governed by SEBI (ICDR) Regulations, 2018.

*   **Purpose:**  Often used by companies seeking a large infusion of capital quickly to fund expansion, acquisitions, or debt repayment.

**2. Rights Issue**

*   **Definition:** A rights issue is an offer of new shares to the existing shareholders of a company in proportion to their existing shareholding.  Shareholders are given the right (but not the obligation) to purchase additional shares.

*   **Target Investors:**  Existing shareholders of the company.

*   **Issue Process:**
    *   **Offer to Existing Shareholders:**  The company offers shares to its existing shareholders first.
    *   **Rights Entitlement:**  Shareholders receive ""rights"" to buy a certain number of new shares for every share they currently own.
    *   **Subscription Period:**  A defined period is given for shareholders to subscribe to the rights issue.
    *   **Oversubscription:**  If the rights issue is oversubscribed (demand exceeds the number of shares offered), the shares are allocated proportionally among the subscribers.
    *   **Rally Table:**  If the rights issue is undersubscribed, the company may offer the unsubscribed shares to other investors (e.g., through a book-building process or to FPIs).

*   **Shareholder Approval:**  Typically *requires* shareholder approval through an Extraordinary General Meeting (EGM).

*   **Dilution:**  Dilution of existing shareholders is generally higher than in a QIP because the offer is made to all existing shareholders.

*   **Pricing:**  Shares are usually offered at a discount to the current market price (the ""rights issue price""). This incentivizes shareholders to participate.

*   **Regulatory Framework:**  Governed by SEBI (ICDR) Regulations, 2018.

*   **Purpose:**  Used by companies to raise capital while giving existing shareholders the opportunity to maintain their ownership percentage.  Often used when a company needs to raise funds while also valuing the existing shareholders.



**Here's a table summarizing the key differences:**

| Feature            | Qualified Institutional Placement (QIP) | Rights Issue               |
| ------------------ | ---------------------------------------- | -------------------------- |
| **Target Investors** | QIBs (Mutual Funds, Insurance, etc.)   | Existing Shareholders      |
| **Public Offer**    | No                                      | No (but offer to public may happen if unsubscribed) |
| **Shareholder Approval** | Typically Not Required                | Typically Required          |
| **Dilution**         | Lower                                    | Higher                     |
| **Pricing**          | Premium to Market Price                 | Discount to Market Price    |
| **Process Speed**   | Faster                                  | Slower                     |
| **Offer to Existing Shareholders** | No                                      | Yes                       |



**In a Nutshell:**

*   **QIP:  Fast capital from institutional investors, less shareholder involvement, potential for higher proceeds.**
*   **Rights Issue:  Capital from existing shareholders, requires shareholder approval, generally lower proceeds per share, preserves existing shareholders' ownership percentage.**



**Important Note:** The specific details of QIPs and rights issues can be complex and are subject to regulatory changes.  Always refer to the latest SEBI (ICDR) Regulations, 2018, and the company's offer documents for complete and accurate information.



I hope this detailed explanation clarifies the differences between QIPs and Rights Issues!  Let me know if you have any further questions.



**Disclaimer:** I am an AI chatbot and cannot provide financial advice. This information is for educational purposes only. Consult with a financial advisor before making any investment decisions.



"
SEBI-T2-08,2,"Under SEBI (LODR) Regulations, what is the conceptual difference between a Related Party Transaction (RPT) requiring Audit Committee approval versus one requiring Shareholder Approval?","All RPTs and subsequent modifications require prior approval of the Audit Committee (Reg 23(2)). However, Material RPTs exceeding Rs. 1000 Crore or 10% of annual consolidated turnover of the listed entity (whichever is lower) additionally require prior shareholder resolution by ordinary resolution (Reg 23(4)).","SEBI (LODR) Regulations, 2015, Regulation 23(2) & Regulation 23(4)",https://www.sebi.gov.in/legal/regulations/jan-2024/sebi-listing-obligations-and-disclosure-requirements-regulations-2015-last-amended-on-january-10-2024-_80644.html,N/A,gemma-3n-E4B-it (Together AI),"Okay, let's break down the conceptual difference between Related Party Transactions (RPTs) requiring Audit Committee approval versus those requiring Shareholder approval, under the SEBI (Listing Obligations and Disclosure Requirements) Regulations (LODR).  It's a crucial distinction for companies listed on Indian stock exchanges.

**Understanding Related Party Transactions (RPTs)**

First, a quick recap: RPTs are transactions between the company and its related parties.  ""Related parties"" are defined broadly and include individuals or entities connected to the company through ownership, control, or other relationships.  These relationships can create conflicts of interest, potentially leading to unfair or disadvantageous terms for the company.

**Here's a detailed breakdown of the differences in approval requirements:**

**1. RPTs Requiring Audit Committee Approval:**

*   **Conceptual Basis:** These RPTs are generally considered to have a *material impact* on the company's financial position, operating results, or cash flows.  The Audit Committee is specifically tasked with overseeing financial reporting, internal controls, and risk management.  Therefore, transactions with a significant potential impact on these areas fall under their purview.  The focus is on ensuring the transaction is fair, transparent, and in the best interest of the company *as a whole*.
*   **Typical Examples:**
    *   Transactions with promoters, directors, key management personnel, and their close family members.
    *   Transactions involving subsidiaries or affiliated entities.
    *   Significant loans, guarantees, or investments with related parties.
    *   Transactions involving the sale of assets to or from related parties.
    *   Transactions where the consideration is not at arm's length.
*   **Audit Committee's Role:** The Audit Committee reviews the transaction's terms, assesses its potential impact, and ensures that proper safeguards are in place to protect the company's interests.  They are responsible for verifying that the transaction complies with applicable laws and regulations, including SEBI guidelines.  The Audit Committee's approval is documented in the committee's minutes.
*   **Reporting Requirement:**  The company must disclose these RPTs in its annual report and quarterly financial statements, as required by the LODR.  The disclosure must include details about the related party, the nature of the transaction, the consideration, and any other relevant information.
*   **LODR Specifics:**  SEBI LODR regulations mandate that companies establish an Audit Committee to oversee financial reporting and related matters.  The regulations outline the responsibilities of the Audit Committee, including reviewing and approving RPTs.  Specifically, Schedule V of LODR details the requirements for Audit Committee composition and functions.

**2. RPTs Requiring Shareholder Approval:**

*   **Conceptual Basis:** These RPTs are often considered to be *more significant* or potentially *more detrimental* to the company's long-term interests. The rationale is that shareholders, as the ultimate owners of the company, should have a say in transactions that could significantly affect their investment.  Shareholder approval provides an additional layer of oversight and accountability.  These are often transactions that are considered to be *outside the normal course of business* or that involve a substantial transfer of assets or value.
*   **Typical Examples:**
    *   Transactions involving a change in the nature of the business.
    *   Significant asset disposals or acquisitions.
    *   Transactions that involve a substantial transfer of assets or intellectual property.
    *   Transactions where the potential for conflict of interest is particularly high and cannot be adequately addressed by the Audit Committee.
    *   Transactions exceeding a pre-defined threshold (specified in the company's Articles of Association or by the board).
*   **Shareholders' Role:**  Shareholders vote on the transaction at a general meeting.  The voting threshold required for approval is specified in the company's Articles of Association or the relevant laws.  The company must provide shareholders with sufficient information about the transaction to enable them to make an informed decision.
*   **Reporting Requirement:** The company must disclose the proposed RPT and the outcome of the shareholder vote in its annual report and any material changes to the transaction.
*   **LODR Specifics:** The LODR requires companies to hold general meetings and provide shareholders with information about significant transactions, including RPTs that require shareholder approval.  The regulations outline the process for calling and conducting general meetings, as well as the information that must be provided to shareholders.

**Here's a table summarizing the key differences:**

| Feature              | Audit Committee Approval                                     | Shareholder Approval                                  |
| -------------------- | ---------------------------------------------------------- | ---------------------------------------------------- |
| **Conceptual Basis** | Material impact on financial position/results/cash flow    | Significant impact on long-term company interests    |
| **Typical Examples** | Loans, investments, sales to/from related parties         | Change in business nature, significant asset transfers |
| **Decision Maker**     | Audit Committee                                            | Shareholders                                          |
| **Focus**            | Financial prudence, internal controls, compliance           | Long-term value, shareholder interests, accountability |
| **Reporting**         | Annual Report, Quarterly Financial Statements              | Annual Report, Material Changes to Transactions        |

**Important Considerations:**

*   **Company's Articles of Association:**  The company's Articles of Association (AoA) may specify different approval requirements for RPTs. The AoA takes precedence over the general guidelines outlined in the LODR.
*   **Thresholds:** Companies often define thresholds for RPTs that require approval.  These thresholds may be based on monetary value or other factors.
*   **Materiality:**  The concept of ""materiality"" is key. Even if a transaction technically falls under the Audit Committee's purview, its materiality might determine whether shareholder approval is also required.
*   **Transparency:**  Regardless of the approval process, transparency is paramount.  Companies must disclose all RPTs to shareholders and other stakeholders.



**Disclaimer:**  I am an AI Chatbot and not a legal professional. This information is for general guidance only and does not constitute legal advice. You should consult with a qualified legal professional for advice on specific situations.  Always refer to the latest version of the SEBI LODR Regulations and the company's Articles of Association.



"
SEBI-T2-09,2,What is the difference between an Angel Investor and a Venture Capital Fund under Category I AIF rules?,An Angel Investor (Reg 19A) is an individual or corporate body meeting net worth/experience criteria investing via Angel Funds with min investment of Rs. 25 Lakhs per investee company. A VCF (Reg 3(2)(a)) is an institutional pool of capital investing primarily in unlisted venture undertakings with higher fund size requirements (min corpus Rs. 20 Crores).,"SEBI (AIF) Regulations, 2012, Regulation 3(2)(a) & Regulation 19A-19F",https://www.sebi.gov.in/legal/regulations/may-2012/sebi-alternative-investment-funds-regulations-2012_22864.html,N/A,gemma-3n-E4B-it (Together AI),"Okay, let's break down the differences between Angel Investors and Venture Capital (VC) Funds under the Category I Alternative Investment Fund (AIF) rules in India. Here's a detailed comparison:

**Understanding the Context: Category I AIFs**

First, it's important to understand that both Angel Investors and VC Funds can operate under the umbrella of Category I AIFs in India.  Category I AIFs are funds that invest in startups and early-stage companies.  The AIF Regulations, 2012, govern these funds.


**1. Angel Investor**

*   **Definition:**  An Angel Investor is an individual investor who provides capital to startups, typically in exchange for equity (ownership) in the company. They often invest their own personal funds.
*   **Investment Size:**  Angel investments are generally smaller, ranging from a few lakhs to a few crores (₹).  The specific range can vary widely.
*   **Investment Stage:** Primarily invest in the seed or very early stages of a startup - idea, pre-revenue, or very early revenue.  They are often the first external investors.
*   **Due Diligence:** Due diligence is typically less formal and comprehensive compared to VC funds.  It often relies on assessing the team, the market opportunity, and the potential of the idea.
*   **Operational Involvement:**  Angel investors may offer mentorship, guidance, and industry connections, but their operational involvement is usually less intensive than VC funds.  They are more hands-off.
*   **Regulatory Framework:**  Angel investors are subject to certain regulations under the AIF Act, but they generally have fewer compliance requirements compared to VC funds.  They are often categorized as ""Alts"" under the regulations.
*   **Fund Structure:**  Angel investors typically invest directly in the startup or through a syndicate (a group of angel investors pooling their funds). They don't usually operate as a formal fund structure.
*   **Risk Profile:** Angel investing is considered high-risk, as early-stage companies have a high failure rate.  Angel investors are prepared to accept this risk.
*   **Examples:** Successful entrepreneurs, high-net-worth individuals (HNIs), experienced business professionals who invest in startups.

**2. Venture Capital (VC) Fund**

*   **Definition:** A VC Fund is a professionally managed investment fund that pools capital from multiple investors (institutional and high-net-worth individuals) to invest in startups and high-growth companies.
*   **Investment Size:** VC funds make larger investments than angel investors, typically ranging from a few crores to hundreds of crores (₹).
*   **Investment Stage:**  VC funds invest in startups at various stages – seed, Series A, Series B, and later stages. They often invest in companies that have demonstrated some traction and are looking to scale.
*   **Due Diligence:**  VC funds conduct rigorous and extensive due diligence, including financial analysis, market research, legal review, and technical assessments.
*   **Operational Involvement:**  VC funds often take a more active role in the companies they invest in. They may have board representation, provide strategic guidance, and assist with operational improvements.
*   **Regulatory Framework:** VC Funds are subject to more stringent regulatory requirements under the AIF Act. They need to register with SEBI (Securities and Exchange Board of India) and comply with reporting and disclosure obligations.
*   **Fund Structure:** VC funds are structured as formal investment funds, with a limited life (typically 10 years), a defined investment strategy, and a team of professional fund managers.
*   **Risk Profile:** VC investing is still high-risk, but VC funds diversify their investments across multiple companies to mitigate risk.  They are looking for companies with significant growth potential.
*   **Examples:**  Large investment firms like Sequoia Capital, Accel, Lightspeed Venture Partners, Blume Ventures, Matrix Partners, etc.



**Here's a table summarizing the key differences:**

| Feature             | Angel Investor                                  | Venture Capital (VC) Fund                          |
|----------------------|-------------------------------------------------|----------------------------------------------------|
| **Investor Type**     | Individual                                      | Professional Fund Managers (pooling capital)        |
| **Investment Size**  | Smaller (₹ lakhs to crores)                     | Larger (₹ crores to hundreds of crores)              |
| **Investment Stage** | Seed/Early Stage                                | Seed to Growth Stage (Series A, B, etc.)          |
| **Due Diligence**     | Less Formal                                     | Rigorous & Extensive                              |
| **Operational Role**  | Mentorship, Guidance (Less Hands-on)          | Active Involvement, Board Representation           |
| **Regulatory Burden** | Lower                                           | Higher (SEBI Registration, Reporting)               |
| **Fund Structure**   | Direct Investment/Syndicates                     | Formal Investment Fund                              |
| **Risk Tolerance**   | High                                            | High (but mitigated by diversification)             |



**In essence:**

*   **Angel investors** are individual, often experienced, individuals who provide early-stage capital and mentorship.
*   **VC funds** are professional investment vehicles that pool capital from multiple sources to invest in startups at various stages, with a more structured approach and often greater operational involvement.



**Important Note:**  A single entity can sometimes act as both an angel investor and a VC fund, especially if they have multiple funds or individual investors contributing to their investment activities.



**Disclaimer:** I am an AI chatbot and cannot provide financial or legal advice. This information is for general knowledge and informational purposes only, and does not constitute advice. You should consult with a qualified financial advisor or legal professional for any investment decisions.



"
SEBI-T2-10,2,What distinguishes a General Information Document (GID) from a Key Information Document (KID) in debt private placement under SEBI (NCS) Regulations?,"A GID contains full static disclosures about the issuer valid for 1 year for multiple debt issuances. A KID contains specific dynamic transaction details (tenure, coupon, size) for a specific tranche issued under that GID.","SEBI (Issue and Listing of Non-Convertible Securities) Regulations, 2021",https://www.sebi.gov.in/legal/regulations/aug-2021/sebi-issue-and-listing-of-non-convertible-securities-regulations-2021_51775.html,N/A,gemma-3n-E4B-it (Together AI),"Okay, let's break down the differences between a General Information Document (GID) and a Key Information Document (KID) in the context of debt private placements under SEBI (NCS) Regulations.  I'll explain them clearly, highlighting their purpose, content, and target audience.



**General Information Document (GID)**

*   **Purpose:** The GID is a comprehensive document providing detailed information about the debt offering. It's designed to give investors a complete understanding of the investment opportunity. Think of it as the ""full disclosure"" document. It is a mandatory document under SEBI's regulations.
*   **Target Audience:**  Sophisticated investors, institutional investors, and those with a higher risk tolerance. It's intended for investors who are capable of understanding complex financial information and conducting their own due diligence.
*   **Content:**  The GID is considerably more detailed than a KID. It typically includes:
    *   **Company Overview:** Detailed history, business model, industry analysis, competitive landscape.
    *   **Debt Offering Details:** Amount of the offering, interest rate, maturity date, repayment schedule, covenants, security (if any), priority of the debt.
    *   **Financial Information:**  Audited financial statements (balance sheet, income statement, cash flow statement) for several years, projections, key financial ratios.
    *   **Risk Factors:**  A thorough discussion of all material risks associated with the investment, including credit risk, market risk, liquidity risk, regulatory risk, and industry-specific risks.
    *   **Management Discussion & Analysis (MD&A):** Management's perspective on the company's performance, future prospects, and challenges.
    *   **Legal & Regulatory Information:**  Details on the legal structure of the debt, governing laws, and any relevant regulatory approvals.
    *  **Use of Proceeds:** How the funds raised will be used by the issuer.
*   **Format:** Generally a lengthy document, often several dozen pages or more.
*   **Disclosure Level:** High.  It aims to provide all necessary information for investors to make an informed decision.

**Key Information Document (KID)**

*   **Purpose:** The KID is a standardized, concise document designed to provide investors with the essential information they need to understand the key aspects of the debt offering at a glance. It’s intended to be easily digestible and comparable across different debt offerings. The KID is a mandatory document under SEBI's regulations.
*   **Target Audience:**  Retail investors and those who may not have the time or expertise to thoroughly analyze a GID. It's designed for investors who need a quick summary of the investment.
*   **Content:** The KID is very limited in scope and is structured in a specific format mandated by SEBI. It includes:
    *   **Investment Objectives and Risks:** A clear statement of the investment's goals and the main risks involved, presented in plain language.
    *   **Key Financial Information:**  A concise summary of the debt offering, including the amount, interest rate, maturity date, and any collateral.
    *   **Fees and Charges:** A clear breakdown of all fees and charges associated with the investment.
    *   **Performance Scenarios:**  Illustrative scenarios showing potential returns under different market conditions (e.g., best-case, moderate-case, worst-case).  These are hypothetical and not guarantees.
    *   **Costs:** A summary of all costs to the investor.
*   **Format:**  A short, standardized document, typically no more than 4 pages.  It follows a specific template prescribed by SEBI.
*   **Disclosure Level:** Low.  It focuses on the most critical information and avoids complex technical details.
*   **Standardization:** The KID is strictly standardized, ensuring consistency across different debt offerings and making it easier for investors to compare them.



**Here's a table summarizing the key differences:**

| Feature          | General Information Document (GID) | Key Information Document (KID)   |
|-------------------|------------------------------------|-----------------------------------|
| **Purpose**        | Comprehensive disclosure         | Concise summary of key information |
| **Target Audience**| Sophisticated Investors           | Retail & General Investors        |
| **Content**        | Detailed, extensive               | Limited, standardized            |
| **Length**         | Long (dozens of pages)            | Short (typically 4 pages)       |
| **Format**         | Flexible                         | Standardized template             |
| **Disclosure Level**| High                             | Low                              |
| **Standardization**| Not standardized                 | Highly standardized              |



**Relationship Between GID and KID**

The KID is derived from the GID.  The GID is the source document, and the KID extracts and presents the most important information from it in a simplified and standardized format.  The KID must be consistent with the information in the GID.

**In essence:**

*   The GID is the complete picture.
*   The KID is a snapshot of the essential details.



**Disclaimer:**  I am an AI Chatbot and not a financial advisor. This information is for general knowledge and informational purposes only, and does not constitute investment advice.  SEBI regulations are subject to change, so it's essential to refer to the latest official SEBI guidelines for the most up-to-date information. Always consult with a qualified financial advisor before making any investment decisions.



"
SEBI-T3-01,3,A Chief Financial Officer (CFO) of a listed Indian company acquires Rs. 15 Lakhs worth of equity shares of her company on Monday in the open market during an open trading window. What compliance steps and disclosure timelines are mandated under SEBI PIT Regulations?,"1. The CFO is a Designated Person and key managerial personnel. She must ensure prior clearance from Compliance Officer if required by internal code.
2. Since traded value exceeds Rs. 10 Lakhs in a quarter, under Reg 7(2)(a), CFO must disclose the transaction to the company within 2 trading days of the trade (by Wednesday).
3. Under Reg 7(2)(b), the company must notify the stock exchanges within 2 trading days of receiving CFO's disclosure.
4. CFO must not execute a contra-trade (selling shares) for 6 months under Schedule B.","SEBI (PIT) Regulations, 2015, Regulation 7(2)(a), 7(2)(b), and Schedule B Clause 10",https://www.sebi.gov.in/legal/regulations/jan-2015/sebi-prohibition-of-insider-trading-regulations-2015-last-amended-on-nov-24-2022-_38830.html,N/A,gemma-3n-E4B-it (Together AI),"Okay, let's break down the compliance steps and disclosure timelines mandated by the SEBI Prevention of Insider Trading (PIT) Regulations for a CFO of an Indian listed company acquiring equity shares in the open market.

**Understanding the Situation**

The CFO is acquiring shares in the open market during an open trading window. This is perfectly permissible, but it *still* triggers disclosure requirements under the PIT regulations.  The key principle is that insiders (like the CFO) cannot trade on unpublished price-sensitive information (UPSI).  Even though the transaction is in the open market, the act of acquiring a significant amount of shares *could* be perceived as having implications for the company's future, and therefore, needs to be disclosed.

**Mandatory Compliance Steps & Disclosure Timelines (as per SEBI PIT Regulations)**

Here's a detailed breakdown:

1. **Identifying the Transaction as a ""Trading Transaction"":**

   *   The acquisition of equity shares, regardless of the amount or method (open market, block trade, etc.), is considered a ""trading transaction"" under the PIT Regulations.

2. **Disclosure Requirements:**

   *   **Who needs to disclose?**  The CFO, as an insider, is obligated to disclose this transaction.
   *   **What information needs to be disclosed?** The disclosure must include:
        *   **Details of the transaction:** Number of shares acquired, price per share, total value of the transaction (Rs. 15 Lakhs in this case).
        *   **Date of the transaction:** Monday (the specific date).
        *   **Number of shares held *before* the transaction:** This is crucial to calculate the total holdings after the acquisition.
        *   **Number of shares held *after* the transaction:**  This is the key figure to report.
        *   **Purpose of the transaction:** (e.g., personal investment, long-term investment, etc.).  While not strictly required to be overly detailed, a brief explanation is good practice.
        *   **If the transaction is executed on behalf of any other person:** Details of that person.

3. **Disclosure Timeline:**

   *   **T+2 Days:**  The CFO *must* disclose the transaction to the company's Compliance Officer (CO) within **two business days** after the date of the transaction.  ""Business days"" exclude Saturdays, Sundays, and public holidays.
   *   **To Whom Should the Disclosure be Made?**
        *   **Compliance Officer (CO):** This is the primary person to whom the disclosure must be made. The CO then forwards it to the stock exchange and the company's registrar & transfer agent (RTA).
        *   **Stock Exchange:** The company is responsible for filing the disclosure with the relevant stock exchange (e.g., BSE or NSE).
        *   **Registrar & Transfer Agent (RTA):** The company's RTA will also receive the disclosure.

4. **How to Make the Disclosure:**

   *   **Using the Designated Portal:**  Most companies use the designated portal of the stock exchange or a specialized compliance platform (many exist) to file these disclosures. The CO will typically handle this process.
   *   **Form:** The disclosure is usually made through a standardized form provided by the stock exchange and SEBI.

5. **Important Considerations:**

   *   **Open Trading Window:**  While the transaction occurred during an open trading window, the disclosure requirement *still* applies. The open trading window provides a period when insiders are allowed to trade, but it doesn't exempt them from disclosure.
   *   **UPSI (Unpublished Price Sensitive Information):**  The transaction is considered UPSI because it relates to the CFO's personal investment in the company's shares.  The mere acquisition of shares isn't inherently UPSI, but it *can* be interpreted as such, especially if it's a large transaction.
   *   **Compliance Officer's Role:** The Compliance Officer is responsible for ensuring that all insiders comply with the PIT Regulations, including timely disclosure.
   *   **Record Keeping:** The company must maintain proper records of all insider trading transactions and disclosures.
   *   **Penalties:** Failure to comply with the PIT Regulations can result in significant penalties for the insider (CFO) and the company.

**In Summary:**

The CFO must disclose the acquisition of Rs. 15 Lakhs worth of equity shares within **two business days** of the transaction (Monday) to the Compliance Officer, and the company must then file this information with the stock exchange and the RTA.  The disclosure should include all the details mentioned above.

**Disclaimer:** I am an AI Chatbot and not a legal professional. This information is for general guidance only and should not be considered legal advice.  It is essential to consult with a legal expert or compliance professional for advice specific to your situation and jurisdiction.  SEBI's official website ([https://www.sebi.gov.in/](https://www.sebi.gov.in/)) is the ultimate source for the most up-to-date regulations.



"
SEBI-T3-02,3,"Acquirer A holds 22% voting rights in Target Company T (a listed entity). On April 10, Acquirer A buys an additional 4% equity stake via block deal. What are the immediate regulatory consequences under SEBI SAST Regulations, 2011?","1. 22% + 4% = 26% voting rights.
2. Crossing the 25% threshold triggers Regulation 3(1) mandatory open offer requirement.
3. Acquirer A must issue a Public Announcement (PA) on the same day (April 10) to stock exchanges and target company to acquire at least an additional 26% public shares.
4. Acquirer must also disclose the acquisition under Regulation 29(1) within 2 working days.","SEBI (SAST) Regulations, 2011, Regulation 3(1), 13(1), and 29(1)",https://www.sebi.gov.in/legal/regulations/sep-2011/sebi-substantial-acquisition-of-shares-and-takeovers-regulations-2011_21136.html,N/A,gemma-3n-E4B-it (Together AI),"Okay, let's break down the immediate regulatory consequences under SEBI's Substantial Acquisition of Shares and Takeovers (SAST) Regulations, 2011, triggered by Acquirer A's acquisition of an additional 4% stake in Target Company T, given their existing 22% holding.

**Understanding the Trigger Points**

The SEBI SAST Regulations are triggered when an acquirer's stake in a company crosses certain thresholds.  The key relevant thresholds are:

*   **Initial Trigger:** Acquisition of 5% or more of the voting rights of a listed company.
*   **Trigger for Open Offer:** Acquisition of 10% or more of the voting rights of a listed company.
*   **Trigger for Mandatory Open Offer:** Acquisition of 25% or more of the voting rights of a listed company.

**Analysis of Acquirer A's Acquisition**

1.  **Existing Holding:** Acquirer A already holds 22% voting rights in Target Company T.

2.  **New Acquisition:**  Acquirer A acquires an additional 4% equity stake.

3.  **Post-Acquisition Holding:**  Acquirer A's total holding becomes 22% + 4% = 26% voting rights.

**Immediate Regulatory Consequences**

Because Acquirer A's total holding now exceeds 25%, the following immediate consequences under the SEBI SAST Regulations, 2011 are triggered:

*   **Mandatory Open Offer:** Acquirer A is now legally obligated to make a mandatory open offer to the remaining shareholders of Target Company T. This is the most significant immediate consequence.  The open offer must be made to acquire at least 33% of the shares from the promoters and other shareholders.
*   **Disclosure Requirements:** Acquirer A has immediate disclosure obligations.  They must file the following with the relevant stock exchanges (e.g., BSE, NSE) within a specified timeframe (usually T+2 business days from the date of the transaction):

    *   **Takeover Regulations Notification:**  A notification detailing the acquisition, including the number of shares acquired, the total stake held, the price paid, and the intentions of the acquirer.
    *   **Schedule IV Filing:**  A detailed filing under Schedule IV of the SAST Regulations, providing comprehensive information about the acquirer, the target company, the transaction, and the proposed open offer.  This is a very detailed document.
*   **Restrictions on Further Acquisitions:**  Acquirer A might face restrictions on making further acquisitions in Target Company T until the open offer is completed. The regulations may impose a cooling-off period.
*   **Compliance with Other Provisions:** Acquirer A must ensure compliance with other relevant provisions of the SAST Regulations, including those related to:
    *   **Fair Pricing:**  The open offer price must be fair and reasonable.
    *   **Equal Opportunity:**  All shareholders must be given an equal opportunity to participate in the open offer.
    *   **Disclosure of Intentions:**  Acquirer A must clearly state its intentions regarding the target company.



**Important Considerations**

*   **Specific Timing:**  The exact timelines for filing and the specific requirements for the open offer are detailed in the SAST Regulations.  Acquirer A must adhere strictly to these timelines.
*   **Legal Advice:**  Given the complexity of the SAST Regulations, Acquirer A should seek legal advice from experienced corporate lawyers to ensure full compliance.
*   **Exchange Filing:** All filings must be made with the relevant stock exchanges.



**Disclaimer:** *I am an AI Chatbot and not a legal professional. This information is for general guidance only and does not constitute legal advice.  You should consult with a qualified legal professional for advice specific to your situation.*



"
SEBI-T3-03,3,"A listed company's Board of Directors meets to finalize financial results for Q3 ending December 31. When must the trading window close for designated persons, and when can it reopen?","Under Clause 4(2) of Schedule B of SEBI PIT Regulations, the trading window closure is mandatory from the end of every quarter (i.e. December 31 midnight) until 48 hours after the declaration of financial results to stock exchanges.","SEBI (PIT) Regulations, 2015, Schedule B Clause 4(2)",https://www.sebi.gov.in/legal/regulations/jan-2015/sebi-prohibition-of-insider-trading-regulations-2015-last-amended-on-nov-24-2022-_38830.html,N/A,gemma-3n-E4B-it (Together AI),"Okay, here's a breakdown of the trading window considerations for a listed company's Board of Directors meeting to finalize Q3 financial results ending December 31st.  I'll cover the typical timing, important considerations, and best practices.

**Understanding the Context**

*   **Trading Window:** A ""trading window"" is a period during which company insiders (directors, officers, and sometimes other employees) are permitted to buy or sell the company's stock.
*   **Blackout Period/Trading Halt:**  A ""blackout period"" or ""trading halt"" is a period *before* and *after* the release of significant financial information (like quarterly results) when trading in the company's stock is restricted or prohibited for insiders. This prevents insider trading based on non-public information.
*   **""Designated Persons"":** This refers to the individuals who are subject to the trading window restrictions. This usually includes directors, officers, and potentially anyone with access to material non-public information.
*   **Q3 Results Ending December 31st:** This is a key date as it triggers the need for careful trading window management.

**Typical Timing for Closing and Reopening the Trading Window**

Here's a common, but *not universally applicable*, timeline.  **It's crucial to consult the company's insider trading policy and relevant regulations.**

1.  **Closing the Trading Window (Before the Announcement):**
    *   **Typically, the trading window closes *after* the Board of Directors has concluded its review and approval of the Q3 financial results, *but before* the results are publicly announced.**
    *   **Timing:**  This is usually at least **24-48 hours** before the public announcement.  The goal is to prevent insiders from trading on any information they may have gained during the review process.  A common practice is to close the window the day before the announcement or the morning of the announcement.
    *   **Example:** If the Q3 results are announced on January 15th, the trading window might close on January 13th or 14th.

2.  **Blackout Period (During the Announcement and Immediate Aftermath):**
    *   **The blackout period starts *with the public announcement* of the Q3 results.**
    *   **Duration:**  This period is often **at least 10 business days** after the announcement.  Some companies extend it longer (e.g., 15-20 business days) depending on the materiality of the financial results and the potential for market volatility.
    *   **Rationale:**  This ensures that insiders cannot trade based on the newly released information, especially while the market is digesting it.

3.  **Reopening the Trading Window:**
    *   **The trading window typically reopens *after* the blackout period ends.**
    *   **Timing:**  The trading window can reopen **after the end of the blackout period.**  It's common to wait a few days after the blackout ends to allow the market to stabilize.
    *   **Example:** If the Q3 results are announced on January 15th, the trading window might reopen around January 29th or 30th (approximately 10 business days later).

**Important Considerations & Best Practices**

*   **Company's Insider Trading Policy:**  *This is the most important document.*  The company's policy will have specific rules regarding trading windows, blackout periods, and reporting requirements.  It's the definitive guide.
*   **Regulatory Requirements:**  Companies must comply with regulations from relevant securities regulators (e.g., the SEC in the United States). These regulations often dictate minimum blackout period lengths.
*   **Material Non-Public Information:**  The definition of ""material non-public information"" is crucial.  Anything that could influence the stock price is considered material.  Directors and officers have a duty to avoid trading while in possession of such information.
*   **Pre-Clearance:**  Many companies require insiders to seek pre-clearance from the legal or compliance department *before* engaging in any trades, even during open trading windows. This helps ensure compliance with the insider trading policy.
*   **Communication:**  Clear and timely communication to all designated persons is essential.  They need to be informed of the closing and reopening dates and the reasons behind them.
*   **Documentation:**  Maintain thorough documentation of all trading window notifications, blackout periods, and pre-clearance requests.
*   **Automated Systems:** Many companies use automated systems to manage trading windows and blackout periods. These systems can help ensure compliance and reduce the risk of errors.
*   **Market Conditions:**  Consider current market conditions. If the market is volatile, a longer blackout period might be warranted.
*  **Board Approval:** The Board of Directors should formally approve the trading window policy and any adjustments to it.



**Disclaimer:** I am an AI Chatbot and not a legal or financial advisor. This information is for general guidance only and should not be considered legal or financial advice. Consult with legal counsel and compliance professionals to ensure compliance with all applicable laws and regulations and to develop a trading window policy that is appropriate for your company.



**In summary, the trading window for Q3 results ending December 31st should likely close in late December or early January and reopen in late January or early February, but the precise timing depends on the company's specific policies and regulatory requirements.**  Always prioritize compliance and transparency."
SEBI-T3-04,3,A promoter group entity pledges 5% of its shareholding in a listed company with a commercial bank to secure a corporate loan. What disclosures are required under SEBI SAST Regulations?,"Under Regulation 31(1) of SEBI SAST Regulations, 2011, the promoter must disclose details of the encumbrance/pledge within 7 working days from the creation of pledge to the listed company and all stock exchanges where shares are listed.","SEBI (SAST) Regulations, 2011, Regulation 31(1) & 31(3)",https://www.sebi.gov.in/legal/regulations/sep-2011/sebi-substantial-acquisition-of-shares-and-takeovers-regulations-2011_21136.html,N/A,gemma-3n-E4B-it (Together AI),"Okay, let's break down the disclosures required under SEBI's Substantial Acquisition of Shares and Takeovers (SAST) Regulations in this scenario.  Here's a comprehensive breakdown, covering the key aspects and requirements.

**Scenario Summary:**

*   **Promoter Group Entity:**  A group of entities that collectively hold a significant stake in the listed company.
*   **Pledge:** 5% of their shareholding is being pledged as security for a corporate loan from a commercial bank.
*   **Listed Company:** The company whose shares are listed on a recognized stock exchange.
*   **SEBI SAST Regulations:** The regulations governing the acquisition of shares exceeding a certain threshold, aiming to protect minority shareholders and ensure transparency.
*   **Commercial Bank:** The financial institution providing the loan and receiving the pledged shares.



**Key SEBI SAST Disclosure Requirements**

The disclosures are triggered by the pledge of shares, as this constitutes a change in the control or influence over the listed company.  Here's a detailed look:

**1. Triggering Event & Initial Disclosure (within 24 hours):**

*   **Pledge of Shares:** The very act of pledging 5% of the promoter group's shares is a trigger event under SEBI SAST Regulations.
*   **Initial Disclosure to the Stock Exchange:** The promoter group entity *must* immediately disclose this pledge to the stock exchange on which the company's shares are listed.  This is typically done through the exchange's disclosure system.
*   **Content of Initial Disclosure:**
    *   Name of the promoter group entity.
    *   Number of shares pledged (5% of the total outstanding shares).
    *   Name of the bank to whom the shares are pledged.
    *   Date of the pledge agreement.
    *   Purpose of the pledge (i.e., as security for a corporate loan).
    *   Details of the loan (approximate amount, interest rate, repayment terms - if available).
    *   Any other material information related to the pledge.

**2. Further Disclosures (within 24 hours of the pledge):**

*   **Disclosure to the Company:** The promoter group entity must also inform the listed company about the pledge. This is usually done through the company's compliance officer and investor relations team.
*   **Content of Disclosure to the Company:**
    *   Same information as the disclosure to the stock exchange (as listed above).
    *   Details of the pledge agreement.
    *   Any impact the pledge might have on the promoter's ability to exercise their voting rights or other corporate actions.

**3.  Periodic/Ongoing Disclosures:**

*   **Changes in Pledge:**  Any change in the terms of the pledge agreement (e.g., modification of the loan terms, extension of the pledge period) must be disclosed promptly to both the stock exchange and the company.
*   **Release of Pledge:** If the shares are released from pledge (e.g., loan repayment), this must be disclosed immediately.
*   **Changes in Promoter Holding:**  Any changes to the promoter group's ownership stake in the company (even if not directly related to the pledge) must be disclosed as per the SAST regulations, especially if it impacts the promoter group's control.
*   **Quarterly/Annual Filings:** The pledge details may need to be included in the company's quarterly and annual reports, particularly in the ""Related Party Transactions"" or ""Promoter Holding"" sections.  The exact requirements will depend on the specific regulations and the nature of the pledge.

**4.  Specific Considerations and Additional Requirements:**

*   **Definition of ""Promoter Group"":** SEBI has a specific definition of ""promoter"" and ""promoter group.""  It includes not just the individuals directly involved in the company but also entities with significant control or influence over them.  The promoter group entity must ensure it accurately identifies all members of the group.
*   **Thresholds:** While 5% might not automatically trigger all the most stringent SAST requirements (like a mandatory open offer), it's still a significant stake and necessitates disclosure.  The thresholds for triggering more extensive disclosure requirements are based on the percentage of shares acquired and the existing promoter holding.
*   **Disclosure Format:**  Disclosures must be made in the prescribed format, as specified by SEBI. This typically involves using the online disclosure systems of the stock exchange and the company.
*   **Accuracy and Completeness:**  All disclosures must be accurate, complete, and made in a timely manner.  False or misleading disclosures can lead to penalties.
*    **Compliance Officer's Role:** The company's compliance officer plays a crucial role in ensuring that all SAST disclosures are made in accordance with SEBI regulations.
*   **Applicable Regulations:**  The primary regulation is the SEBI (Substantial Acquisition of Shares and Takeovers) Regulations, 1997, as amended from time to time.  You should always refer to the latest version of the regulations.



**Where to Find More Information:**

*   **SEBI Website:** The official SEBI website ([https://www.sebi.gov.in/](https://www.sebi.gov.in/)) is the definitive source for all SEBI regulations and circulars.  Search for ""SAST Regulations.""
*   **Stock Exchange Websites:** The websites of the relevant stock exchange (e.g., BSE, NSE) provide information on disclosure requirements and procedures.
*   **Legal Professionals:** It's always advisable to consult with a legal professional specializing in SEBI regulations for specific guidance on compliance.



**Disclaimer:** I am an AI chatbot and cannot provide legal advice. This information is for general guidance only and should not be considered a substitute for professional legal counsel.  The specifics of the situation can vary, and it's essential to consult with a qualified legal expert to ensure full compliance with the applicable regulations.



"
SEBI-T3-05,3,"A listed telecom company suffers an unexpected tax demand order of Rs. 450 Crores, which exceeds 10% of its annual consolidated turnover. Under SEBI LODR 2023 amendments, what is the mandatory disclosure timeline?","Under the 2023 amendment to Regulation 30 of SEBI LODR, quantitative materiality threshold is 2% of turnover or net worth, or 10% of profit. Since Rs 450 Cr exceeds 10% turnover, it is material. Disclosure must be made within 24 hours of receipt of the order (or 12 hours if decision comes from an internal meeting).","SEBI (LODR) Regulations, 2015, Regulation 30(6) & Schedule III Part B",https://www.sebi.gov.in/legal/regulations/jan-2024/sebi-listing-obligations-and-disclosure-requirements-regulations-2015-last-amended-on-january-10-2024-_80644.html,N/A,gemma-3n-E4B-it (Together AI),"Okay, let's break down the mandatory disclosure timeline for a listed telecom company facing a tax demand order exceeding 10% of its annual consolidated turnover, according to the SEBI LODR 2023 amendments.

**The Mandatory Disclosure Timeline**

Under the SEBI Listing Obligations and Disclosure Requirements (LODR) Regulations, 2023, specifically as amended, the mandatory disclosure timeline for such a significant event is **within 24 hours** of becoming aware of the tax demand order.

**Here's a detailed explanation:**

*   **Trigger Event:** A tax demand order exceeding 10% of the company's annual consolidated turnover.
*   **Regulation:**  This falls under Regulation 17 of the SEBI LODR 2023.
*   **Disclosure Timeline:** The company *must* disclose this event to the stock exchanges within **24 hours** of becoming aware of the tax demand order.
*   **Disclosure Content:** The disclosure needs to be comprehensive and include details like:
    *   The nature of the tax demand.
    *   The amount of the demand.
    *   The period to which the demand relates.
    *   The company's assessment of the demand.
    *   The company's plan to address the demand (e.g., appeal, negotiation).
    *   Any potential impact on the company's financial performance.

**Why the 24-Hour Timeline is Important:**

The rapid disclosure requirement is designed to ensure that investors are promptly informed about material events that could significantly impact the company's financial health and future prospects.  It promotes transparency and helps investors make informed decisions.

**Key Considerations:**

*   **""Becoming Aware"":** The clock starts ticking when the company *becomes aware* of the tax demand order. This doesn't necessarily mean the official order is received, but rather when the company has sufficient information to reasonably conclude that a tax demand exceeding the threshold exists.
*   **Promptness:**  The 24-hour timeline is strictly enforced. Delays could result in penalties and regulatory scrutiny.
*   **Materiality:** The tax demand is clearly considered a very material event, warranting immediate disclosure.
*   **Compliance:** Companies need to have robust internal processes in place to identify and escalate such events quickly.
*   **Further Disclosures:**  The company may be required to make further disclosures as the situation evolves (e.g., updates on the status of the appeal, any revised estimates of the financial impact).

**Disclaimer:** I am an AI Chatbot and not a financial or legal advisor. This information is for general guidance only and should not be considered as professional advice.  Companies should consult with their legal and compliance teams to ensure full compliance with all applicable regulations. Always refer to the official SEBI LODR 2023 regulations for the most accurate and up-to-date information.



"
SEBI-T3-06,3,An Indian Category II AIF wants to co-invest along with a foreign institutional investor in an unlisted tech startup. Is the AIF allowed to take borrowing to fund this investment?,"No. Under Regulation 17(c) of SEBI AIF Regulations, Category II AIFs shall not borrow funds directly or indirectly or engage in leverage except for meeting temporary funding requirements for not more than 30 days and not more than 10% of investible funds.","SEBI (AIF) Regulations, 2012, Regulation 17(c)",https://www.sebi.gov.in/legal/regulations/may-2012/sebi-alternative-investment-funds-regulations-2012_22864.html,N/A,gemma-3n-E4B-it (Together AI),"Okay, let's break down whether an Indian Category II AIF can take on borrowing to co-invest with a foreign institutional investor (FII) in an unlisted tech startup.  Here's a detailed analysis, covering the relevant regulations and considerations:

**The Short Answer:  Potentially, yes, but with significant restrictions and considerations.**

Here's a more in-depth explanation:

**1. Regulatory Framework: SEBI Guidelines**

The key regulations governing AIFs in India are primarily outlined in the **SEBI (Alternative Investment Funds) Regulations, 2012**, and subsequent amendments.  Here's what's relevant to your question:

*   **Leverage Restrictions:** SEBI regulations place restrictions on the leverage (borrowing) that AIFs can undertake.  The regulations aim to prevent excessive risk-taking and protect investor interests.
*   **Category II AIFs:**  Category II AIFs have more flexibility than Category I AIFs, but they are still subject to leverage limits.
*   **Investment Restrictions:** The regulations outline permissible and restricted investments.  Generally, AIFs can invest in unlisted securities, but there are stipulations around the types of investments and the overall portfolio composition.
*   **Related Party Transactions:**  Borrowing from related parties (which could be a concern if the AIF's management or key personnel have connections to the FII or the startup) is generally restricted or requires specific disclosures and approvals.

**2.  Leverage Limits for Category II AIFs**

*   **General Limit:**  Generally, Category II AIFs are permitted to utilize leverage up to **3x** of their net asset value (NAV).  (This is a key point).
*   **NAV Calculation:**  The NAV is calculated based on the value of the AIF's investments, less any liabilities.
*   **Exceptions/Modifications:**  There can be specific exceptions or modifications to this limit, particularly if the AIF has a proven track record and a robust risk management framework.

**3.  Co-Investment with an FII:  Important Considerations**

*   **FII Regulations:**  The FII's own regulatory framework in its home country (e.g., SEC in the US) and any applicable Indian regulations for FIIs will also play a role.  The FII will have its own internal policies and compliance requirements regarding leverage and co-investments.
*   **Valuation:**  The valuation of the unlisted tech startup is crucial.  The AIF's leverage calculation will be based on the NAV, which in turn depends on the valuation of the portfolio companies.  A realistic and justifiable valuation is essential.
*   **Due Diligence:**  Thorough due diligence on the startup is vital.  The AIF needs to assess the startup's financial health, business model, market potential, and management team.
*   **Risk Assessment:** The AIF must conduct a comprehensive risk assessment, considering factors like market risk, liquidity risk, and credit risk.
*    **Documentation:** All agreements, including the co-investment agreement with the FII and any borrowing agreements, must be properly documented and comply with SEBI regulations.

**4.  Specific Scenarios and Potential Issues**

*   **Borrowing to Fund the Entire Investment:**  It's *unlikely* that an AIF would be able to borrow enough to fund 100% of the co-investment.  The leverage limit of 3x NAV would likely restrict the amount of borrowing.
*   **Borrowing for a Portion of the Investment:**  Borrowing for a portion of the investment is more feasible, provided that the overall leverage remains within the permitted limits and the investment is carefully structured.
*    **Interest Rate Risk:**  The AIF needs to carefully consider interest rate risk associated with borrowing.  Fluctuations in interest rates could impact the AIF's profitability.
*   **Liquidity:**  The AIF needs to ensure that it has sufficient liquidity to repay the borrowed funds.  This is particularly important if the startup's funding needs change.

**5.  Recommendations**

*   **Consult with Legal and Compliance Experts:**  The AIF *must* consult with experienced legal and compliance professionals who specialize in AIF regulations.  They can provide guidance on the specific requirements that apply to the AIF's situation.
*   **Detailed Financial Modeling:**  Create detailed financial models to assess the impact of borrowing on the AIF's NAV, profitability, and leverage.
*   **Risk Management Framework:**  Ensure that the AIF has a robust risk management framework in place to identify, assess, and mitigate risks.
*   **Transparency:** Maintain transparency with investors regarding the AIF's leverage and investment strategy.
*   **Review the AIF's Offering Documents:** Carefully review the AIF's offering documents (e.g., the Private Placement Memorandum) to understand its investment mandate, risk profile, and leverage limits.

**Disclaimer:** I am an AI chatbot and cannot provide financial or legal advice. This information is for general guidance only and should not be considered a substitute for professional advice.  The regulations are subject to change, so it's essential to consult with qualified professionals.



"
SEBI-T3-07,3,A listed company wants to reclassify a promoter holding 2% equity into a 'public shareholder'. What key conditions must be fulfilled under Regulation 31A of SEBI LODR?,"Under Regulation 31A(3), promoter seeking reclassification must not hold >10% voting rights, must not exercise control, must not act as KMP/Director, must not be a wilful defaulter. Reclassification requires Board approval, Shareholder approval (by ordinary resolution), and Stock Exchange approval.","SEBI (LODR) Regulations, 2015, Regulation 31A(3)",https://www.sebi.gov.in/legal/regulations/jan-2024/sebi-listing-obligations-and-disclosure-requirements-regulations-2015-last-amended-on-january-10-2024-_80644.html,N/A,gemma-3n-E4B-it (Together AI),"Okay, let's break down the key conditions a listed company must fulfill to reclassify a promoter holding of 2% equity into a 'public shareholder' under Regulation 31A of the SEBI Listing Obligations and Disclosure Requirements (LODR).  This is a crucial process for companies to manage their disclosures and comply with regulatory requirements.

**Understanding the Context**

Regulation 31A of the SEBI LODR primarily focuses on the definition and classification of shareholders for disclosure purposes.  A promoter is defined differently than a public shareholder, and the transition from promoter to public shareholder triggers specific disclosure requirements.  The 2% threshold is significant because it's the point at which the company needs to start treating the shareholder as a 'public shareholder' for disclosure purposes.

**Key Conditions for Reclassification**

Here's a detailed breakdown of the conditions that *must* be fulfilled for a company to reclassify a promoter holding of 2% equity into a 'public shareholder', as mandated by Regulation 31A:

1. **Triggering Event:  The 2% Threshold.**
   *   The core condition is that the promoter holding has *crossed* the 2% threshold.  Once the promoter holding reaches or exceeds 2% of the total paid-up equity share capital, the company must begin treating that holding as a 'public shareholder'.

2. **Disclosure Requirements After Reclassification:**
    *   **Immediate Disclosure:** The company *must* make an immediate disclosure to the stock exchange where its securities are listed about the reclassification of the promoter holding to a public shareholder.  This is typically done through a Form DNS (Disclosure of Significant Changes and Facts).
    *   **Ongoing Disclosure:**  After the reclassification, the company must continue to disclose any further changes in the public shareholder's holdings that fall below 2% or reach above 2%. These changes are also disclosed through Form DNS.
    *   **Disclosure of Promoters' Holdings:**  The company is required to disclose the holding of all promoters.
    *   **Disclosure of Public Shareholders:** The company is required to disclose the holding of all public shareholders.

3. **Compliance with the Definition of ""Promoter"":**
   * **Definition of Promoter:** Ensure the individual whose holding is being reclassified is no longer considered a ""promoter"" as defined under SEBI regulations. The definition of promoter is very important.  It generally includes:
        *   The person or persons who, at the time of incorporation, constitute the initial promoters.
        *   The person or persons who acquire the right to manage the affairs of the company, either directly or indirectly, and who have control over the management of the company.
        *   Any person or persons who, directly or indirectly, acquire 25% or more of the voting rights of the company.

   * **Formal Cessation of Promoter Status (If Applicable):**  If the promoter status is being relinquished (e.g., due to a sale of shares or change in control), the company needs to document and formally record this cessation.

4. **Accuracy and Timeliness of Disclosure:**
   *   **Prompt Disclosure:**  Disclosures must be made within the stipulated timeframes as per the LODR rules (usually within T+2 business days of the event).  Delays can lead to penalties.
   *   **Accurate Information:**  All information disclosed must be accurate, complete, and true.  Any misleading or false information is a violation of SEBI regulations.

5. **Documentation and Record Keeping:**
   *   **Maintain Records:** The company should maintain thorough records of all transactions related to the reclassification, including share transfer documents, board resolutions, and disclosure filings.
   *   **Board Approval:**  The reclassification should be approved by the company's board of directors, and the board resolution should be documented.

**Important Considerations:**

*   **Legal Advice:** It is *highly recommended* that the company seek legal counsel to ensure compliance with all applicable regulations and to properly document the reclassification process.
*   **Exchange Guidelines:**  The company should also refer to the specific guidelines and requirements of the stock exchange on which its securities are listed.  Exchanges may have additional requirements beyond those outlined in the LODR.
* **Impact on Promoter Obligations:** Reclassification may impact other obligations of promoters, such as restrictions on dealing in company shares.

**In Summary:**

To reclassify a promoter holding of 2% equity into a 'public shareholder' as per Regulation 31A, the company must:

1.  Ensure the holding crosses the 2% threshold.
2.  Make an immediate disclosure to the stock exchange.
3.  Comply with the definition of ""promoter"" and formally record the cessation of promoter status if applicable.
4.  Ensure accuracy and timeliness of disclosures.
5.  Maintain proper documentation.

**Disclaimer:** I am an AI Chatbot and not a legal professional. This information is for general guidance only and should not be considered legal advice. Always consult with a qualified legal professional for advice tailored to your specific situation.



"
SEBI-T3-08,3,A mutual fund scheme experiences redemptions exceeding 5% of scheme AUM in a single day due to market rumor. Can the AMC suspend redemptions immediately?,"No. Under SEBI Circular SEBI/HO/IMD/DF2/CIR/P/2016/57, suspension of redemption can only be allowed during extraordinary circumstances (liquidity issues, market closure, breakdown). Suspension requires prior approval of the Board of AMC and Board of Trustees, and SEBI must be informed immediately.","SEBI Master Circular for Mutual Funds, 2024 / Circular 2016",https://www.sebi.gov.in/legal/master-circulars/may-2023/master-circular-for-mutual-funds_71329.html,N/A,gemma-3n-E4B-it (Together AI),"Okay, let's break down the situation and address whether an Asset Management Company (AMC) can immediately suspend redemptions in this scenario.

**The Short Answer:**  Yes, an AMC *can* suspend redemptions immediately under certain circumstances, but it's a serious decision with significant regulatory scrutiny and requires careful consideration. It's not an automatic right and is subject to strict rules.

**Here's a more detailed explanation:**

**1. Regulatory Framework & Governing Laws:**

*   **SEBI (Securities and Exchange Board of India) Regulations:** In India, the primary regulatory body for mutual funds is SEBI. SEBI has specific guidelines and regulations governing mutual fund operations, including redemption procedures.
*   **Mutual Fund Regulations 2024:** The latest regulations would be the governing ones.
*   **Key Principles:** These regulations aim to protect investors and maintain the stability of the mutual fund industry. They emphasize transparency, investor confidence, and the ability to manage liquidity risks.

**2. Grounds for Suspension:**

An AMC *can* suspend redemptions if it believes that:

*   **Inability to Meet Redemption Requests:** The most critical reason. If the fund doesn't have sufficient liquid assets (cash, easily marketable securities) to meet the redemption requests, the AMC may suspend redemptions to prevent a run on the fund.  This is particularly relevant when redemptions exceed a certain threshold, like 5% of the Assets Under Management (AUM) in a single day.
*   **Market Rumors/Events Creating Liquidity Crisis:**  The scenario you describe – redemptions spiking due to a market rumor – is precisely the type of situation that can trigger a suspension.  The rumor creates panic, leading investors to withdraw their funds quickly.
*   **Operational Issues:**  Unexpected operational problems that prevent the fund from processing redemptions.

**3.  The Process & Requirements for Suspension:**

*   **Immediate Notification:** The AMC *must* immediately notify SEBI and the Registrar and Transfer Agent (RTA) of the decision to suspend redemptions.  This is a mandatory requirement.
*   **Justification:** The AMC must provide a detailed justification to SEBI explaining the reasons for the suspension, including the specific factors causing the liquidity crunch (e.g., the market rumor, the volume of redemptions).
*   **Time Limit:**  SEBI typically sets a time limit for the suspension.  It's *not* indefinite.  The suspension is usually for a specified period (e.g., 1-3 business days) to allow the AMC to raise liquidity.
*   **Liquidity Measures:**  The AMC is expected to take steps to improve liquidity during the suspension period.  This might involve:
    *   Selling liquid assets.
    *   Raising funds through borrowing.
    *   Reducing expenses.
    *   Reclassifying assets to increase liquidity.
*   **Resumption of Redemptions:**  Redemptions can only be resumed *after* the AMC has addressed the liquidity issues and satisfied SEBI's requirements.
*   **Investor Communication:** The AMC is obligated to communicate the suspension to all investors through various channels (website, SMS, email) explaining the situation and the expected duration of the suspension.
*    **Fairness:** The AMC needs to ensure fairness to all investors.

**4.  Potential Consequences of Improper Suspension:**

*   **SEBI Scrutiny & Penalties:** SEBI will closely scrutinize the AMC's decision and actions.  An improper suspension (e.g., without sufficient justification or without following proper procedures) can lead to penalties, fines, and regulatory action against the AMC.
*   **Investor Lawsuits:**  Investors may file lawsuits against the AMC if they suffer losses due to the suspension.
*   **Reputational Damage:**  A suspension can severely damage the AMC's reputation and erode investor trust.

**5. Important Considerations:**

*   **Proportionality:**  The suspension should be a proportionate response to the liquidity problem.  SEBI will assess whether the suspension is the least restrictive measure necessary to protect investors.
*   **Transparency:**  Open and transparent communication with investors and regulators is crucial.
*   **Investor Protection:** The primary goal is to protect investors' interests and prevent panic.

**In summary:** The AMC *can* suspend redemptions immediately in the scenario you described, but it's not a simple decision. It must be based on a genuine inability to meet redemption requests, justified to SEBI, and implemented with investor communication and a plan to restore liquidity.  It's a highly regulated process, and the AMC must adhere to strict guidelines.



**Disclaimer:** I am an AI Chatbot and not a financial advisor. This information is for general knowledge and informational purposes only, and does not constitute financial advice. It is essential to consult with a qualified financial advisor for any investment decisions. Regulations can change, so it is important to refer to the latest SEBI guidelines.



"
SEBI-T3-09,3,An Independent Director of a listed firm completes two consecutive terms of 5 years each. Can she be re-appointed immediately for a 3rd term under SEBI LODR?,"No. Under Regulation 25(2) of SEBI LODR read with Companies Act Sec 149(11), an Independent Director who completes two consecutive 5-year terms is eligible for re-appointment only after a cooling-off period of 3 years during which she must not be associated with the company in any capacity.","SEBI (LODR) Regulations, 2015, Regulation 25(2)",https://www.sebi.gov.in/legal/regulations/jan-2024/sebi-listing-obligations-and-disclosure-requirements-regulations-2015-last-amended-on-january-10-2024-_80644.html,N/A,gemma-3n-E4B-it (Together AI),"No, an Independent Director cannot be re-appointed immediately for a 3rd term after completing two consecutive terms of 5 years each, according to the SEBI Listing Obligations and Disclosure Requirements (LODR).

Here's the breakdown of the relevant regulations:

*   **SEBI LODR Regulation 17(2)(b):** This regulation states that an Independent Director shall not, afterpiry of the term of four years, be eligible for re-appointment for another term without having been relieved of the status of ""Independent"" by the shareholders.
*   **The 4-Year Term Limit:** The key is the 4-year term limit. While the question mentions two *consecutive* 5-year terms, the cumulative duration is 10 years. However, the regulations limit the total tenure to four years. 
*   **Independent Status:** After serving four years, the director's independence is questioned, and they need to be re-designated as ""non-independent.""

**Therefore:**

Since the director has completed two 5-year terms (totaling 10 years), they exceed the maximum allowable tenure of four years for an Independent Director.  They would need to be relieved of their ""Independent"" status before being considered for any further directorship, including a third term.



**In summary:  A director who has served more than four years as an Independent Director is not eligible for re-appointment as an Independent Director, even if they have completed consecutive terms.**



**Disclaimer:** I am an AI chatbot and cannot provide legal advice. This information is for general knowledge and informational purposes only, and does not constitute legal advice. You should consult with a qualified legal professional for advice regarding your specific situation."
SEBI-T3-10,3,"A non-promoter investor holds 49% of a listed company. She acquires another 6% through market purchases in May 2024. Does this trigger an open offer, and what is the maximum holding allowed?","Yes. Holding is between 25% and 75%. Under Regulation 3(2), acquiring >5% in a financial year triggers mandatory open offer. Furthermore, under MPS rules, promoter + non-public holding cannot exceed 75%.","SEBI (SAST) Regulations, 2011, Regulation 3(2)",https://www.sebi.gov.in/legal/regulations/sep-2011/sebi-substantial-acquisition-of-shares-and-takeovers-regulations-2011_21136.html,N/A,gemma-3n-E4B-it (Together AI),"Okay, let's break down whether this acquisition triggers an open offer and what the maximum holding allowed is, based on Indian regulations.

**Understanding the Regulations**

The key regulatory framework here is the **SEBI Takeover Regulations, 2011.** These regulations are designed to protect minority shareholders in a listed company from hostile takeovers and to ensure transparency in such transactions.

**1. Triggering an Open Offer**

An open offer is triggered when an acquirer (in this case, the non-promoter investor) crosses certain thresholds in a listed company's shareholding. The relevant thresholds are:

*   **Acquisition of more than 10% of the voting rights:** This *always* triggers an open offer.
*   **Acquisition of more than 5% of the total number of shares:** This *also* triggers an open offer.
*   **Acquisition of more than 20% of the total number of shares:** This triggers an open offer.

**Analysis of the Investor's Acquisition:**

*   **Initial Holding:** The investor initially holds 49%.
*   **Acquisition in May 2024:**  She acquires an additional 6%.
*   **Total Holding After Acquisition:**  49% + 6% = 55%

**Does this trigger an Open Offer?**

**Yes, this acquisition *absolutely* triggers an open offer.** The investor now holds 55% of the company's shares. This exceeds the 50% threshold and triggers the open offer requirement.

**2. Maximum Holding Allowed**

The SEBI Takeover Regulations, 2011, specify the maximum holding limits for non-promoters:

*   **Promoter:** The promoter (the individuals or entities who control the company) can hold up to **75%** of the voting rights.
*   **Non-Promoter:** A non-promoter can hold up to **25%** of the voting rights.

**Important Considerations:**

*   **Promoter Definition:** It's crucial to define who the ""promoter"" is according to the company's Articles of Association and the SEBI regulations.  This definition is important for determining the permissible holding limits.  The promoter is generally defined as someone who has control over the company, directly or indirectly.
*   **Combined Holding:** The regulations also consider the *combined* holding of related parties.  If multiple entities are acting in concert, their holdings are aggregated for the purpose of determining compliance with the regulations.
*   **Public Offer:** The open offer is made to the remaining shareholders – those who do *not* already hold the shares.  The open offer price is typically determined based on a formula that considers prevailing market prices, and it must be at least as favorable as the price paid in the market purchases.
*   **Regulatory Filing:** The acquirer is required to make various filings with the stock exchanges (NSE/BSE) and SEBI, including a public announcement (PAN) detailing the open offer.

**In summary:** The investor's acquisition of an additional 6% brings her total holding to 55%, which triggers an open offer.  The maximum holding allowed for a non-promoter is 25% of the voting rights. The investor will need to make a public offer to acquire the remaining shares to reach a maximum holding of 25% or less.

**Disclaimer:** *I am an AI Chatbot and not a legal or financial advisor. This information is for general guidance only and should not be considered professional advice. It is essential to consult with legal and financial professionals for specific advice related to your situation.*  You should always refer to the official SEBI Takeover Regulations, 2011, and seek professional guidance before making any investment decisions or taking any action related to open offers.



"
SEBI-T4-01,4,"A listed pharmaceutical company P plans a Rights Issue to raise Rs. 500 Crores while simultaneously an external acquirer A makes a Hostile Open Offer under SAST. During this period, Company P receives CDSCO approval for a blockbuster drug (UPSI). Walk through the regulatory compliance obligations under ICDR, SAST, LODR, and PIT regulations.","1. **PIT (UPSI Handling):** CDSCO approval is UPSI (Reg 2(1)(n)). Company must immediately make public disclosure under LODR Reg 30 before any rights issue allotment or board action.
2. **SAST (Target Restrictions):** Under SAST Reg 26, during the open offer period, the target board shall not issue any authorized shares (including Rights Issue) without passing a special resolution by postal ballot.
3. **ICDR (Rights Issue):** Company P must ensure Draft Letter of Offer (DLOF) incorporates the CDSCO approval and open offer details as material developments.
4. **Trading Window:** Insiders are barred from trading until 48 hours post CDSCO disclosure.","SEBI (SAST) Reg 26, SEBI (PIT) Reg 2(1)(n), SEBI (ICDR) Chapter III, SEBI (LODR) Reg 30",https://www.sebi.gov.in/legal/regulations/sep-2011/sebi-substantial-acquisition-of-shares-and-takeovers-regulations-2011_21136.html,N/A,gemma-3n-E4B-it (Together AI),"Okay, let's break down the regulatory compliance obligations for Pharmaceutical Company P under ICDR (Issue of Capital and Debt Regulations), SAST (Share Acquisition through Standalone Tender Offer), LODR (Listing Obligations and Disclosure Requirements), and PIT (Prevention of Insiders Trading) regulations, considering the simultaneous Rights Issue, Hostile Open Offer, and CDSCO approval for a blockbuster drug (UPSI).

**I. Understanding the Scenario**

*   **Rights Issue:** Company P aims to raise Rs. 500 Crores by offering existing shareholders the right to buy new shares in proportion to their holdings.
*   **Hostile Open Offer (SAST):** External acquirer A is making a public offer to buy shares directly from shareholders, bypassing the board of directors. This is considered ""hostile"" because the board hasn't approved it.  The offer is under the Securities and Exchange Board of India (SEBI) regulations.
*   **CDSCO Approval (UPSI):**  The company has received approval from the Central Drugs Standard Control Organization for a blockbuster drug (UPSI).  This is a significant positive development that will likely impact the company's stock price.

**II. Regulatory Compliance Obligations**

Here's a detailed breakdown of the compliance requirements under each regulation, along with considerations for the interconnectedness of the events.

**A. ICDR (Issue of Capital and Debt Regulations, 2011)**

The ICDR rules govern the process of raising capital through public offerings, including rights issues.

1.  **Offer Document (Red Herring Prospectus - RHP):**
    *   **Mandatory:** Company P must prepare and file an RHP with SEBI. This document contains all material information about the rights issue, including:
        *   Number of rights offered.
        *   Issue price of rights.
        *   Rights entitlement ratio.
        *   Use of funds (specifically mentioning the intended use of the Rs. 500 Crores – e.g., expansion, R&D, debt reduction).
        *   Details of the acquirer's open offer (as per SAST requirements - see below).
        *   Risk factors.
        *   Financial information.
    *   **Timing:** The RHP needs to be filed *before* the rights issue is opened.  It should be updated to reflect the latest developments, including the open offer.
    *   **Disclosure of Open Offer:**  The RHP *must* explicitly disclose the ongoing hostile open offer, including the acquirer's identity, the offer price, the number of shares being offered, and the offer period.

2.  **Shareholder Approval (if required):**
    *   **Mandatory:** Depending on the company's Articles of Association (AoA) and the nature of the rights issue, shareholder approval may be required.
    *   **Disclosure:**  Any shareholder meetings related to the rights issue must be properly notified and minutes of the meetings must be filed with SEBI.

3.  **Compliance with All Other ICDR Provisions:**
    *   Adherence to all other provisions of the ICDR rules related to the issuance of shares, including related party transactions, underwriting, and allotment.

**B. SAST (Share Acquisition through Standalone Tender Offer)**

The SAST regulations, administered by SEBI, govern hostile takeovers.

1.  **Open Offer Filing:**
    *   **Mandatory:**  Acquirer A must file an Open Offer with SEBI within 10 days of obtaining the necessary approvals (typically, this involves meeting the minimum public float requirement).
    *   **Content:** The Open Offer document must contain:
        *   Acquirer's identity and background.
        *   Offer price per share.
        *   Number of shares to be acquired.
        *   Maximum number of shares the acquirer intends to acquire.
        *   Offer period.
        *   Details of financing arrangements.
        *   Rationale for the offer.
        *   Information about the company's financials and operations.
        *   Disclosure of any agreements between the acquirer and the company.
        *   Information about the company's rights issue and how it impacts the offer.
    *   **Disclosure of Rights Issue:** The Open Offer document *must* explicitly state the details of the Rights Issue, including the price, amount, and impact on shareholders' dilution if the offer is successful.  It needs to assess the impact of the offer on the rights issue.

2.  **Compliance with Offer and Capital Structure Regulations:**
    *  **Mandatory:** The acquirer must comply with SEBI's regulations regarding the acquisition of shares, including those related to capital structure changes and the prevention of dilution.

3.  **Disclosure of Intent:**
    *   Acquirer A must disclose its intentions regarding the company, including its plans for the company after the acquisition.

4.  **Compliance with SEBI's Guidelines on Takeovers:**
     *  Ensure compliance with all guidelines outlined by SEBI regarding takeovers, including fair pricing and equal opportunity.

**C. LODR (Listing Obligations and Disclosure Requirements, 2015)**

LODR regulations apply to listed companies and require timely and transparent disclosure of material information.

1.  **Disclosure of Rights Issue:**
    *   **Mandatory:**  Company P must disclose the rights issue to the stock exchanges (BSE and NSE) *as soon as the decision is taken* to proceed with it.
    *   **Content:** The disclosure should include details such as:
        *   The purpose of the rights issue.
        *   The issue price.
        *   The number of rights offered.
        *   The record date.
        *   The subscription period.
        *   The expected timeline for completion.
        *   The impact on existing shareholders.
        *   The details of the ongoing hostile open offer.

2.  **Disclosure of Hostile Open Offer:**
    *   **Mandatory:** Company P must disclose the Hostile Open Offer to the stock exchanges *immediately* upon its announcement by Acquirer A.
    *   **Content:** The disclosure should include:
        *   The identity of the acquirer.
        *   The offer price.
        *   The number of shares being offered.
        *   The offer period.
        *   The terms and conditions of the offer.
        *   The potential impact on shareholders.
        *   The company's stance on the offer (e.g., recommending shareholders to consider the offer).

3.  **Disclosure of CDSCO Approval for UPSI:**
    *   **Mandatory:**  Company P must disclose the CDSCO approval for UPSI to the stock exchanges *as soon as the approval is received*.
    *   **Content:** The disclosure should include:
        *   The name of the drug (UPSI).
        *   The therapeutic area.
        *   The potential market size.
        *   The expected revenue generation from UPSI.
        *   The impact on the company's future prospects.
        *   Any regulatory hurdles or risks associated with UPSI.

4.  **Material Events Disclosure:**
    *   **Mandatory:** Any other material event, such as changes in management, significant contracts, or financial results, must be disclosed to the stock exchanges in accordance with LODR rules.

5.  **Corporate Governance Compliance:**
    *   Ensure compliance with all other LODR provisions related to corporate governance, such as board composition, audit committees, and related party transactions.

**D. PIT (Prevention of Insiders Trading Act, 2012)**

The PIT Act prohibits trading in securities based on unpublished price-sensitive information (UPSI).

1.  **Definition of Insider:**
    *   The definition of ""insider"" under the PIT Act is broad and includes directors, officers, employees, shareholders, and anyone who has access to UPSI.

2.  **Identification of UPSI:**
    *   **Crucial:** The CDSCO approval for UPSI is considered UPSI.  The Rights Issue details and the Hostile Open Offer details are also UPSI.

3.  **Prohibition on Trading:**
    *   **Prohibited:** Insiders are prohibited from trading in the company's securities while in possession of UPSI.

4.  **Restrictions on Communication:**
    *   **Prohibited:** Insiders are prohibited from communicating UPSI to any person who may benefit from it or who may act on it.

5.  **Compliance Measures:**
    *   Company P must implement robust insider trading compliance measures, including:
        *   A code of conduct for insiders.
        *   A register of insiders.
        *   A mechanism for identifying and tracking UPSI.
        *   A system for preventing insider trading.
        *   Regular training for insiders on the PIT Act.

**III. Interconnectedness and Coordination**

The Rights Issue, Hostile Open Offer, and CDSCO approval are tightly linked and require careful coordination:

*   **Impact of UPSI Approval on Open Offer:** The UPSI approval will likely increase the company's stock price, potentially impacting the acquirer's offer price and the success of the open offer. Acquirer A needs to consider this when formulating its offer.
*   **Impact of Open Offer on Rights Issue:** The open offer could impact the success of the rights issue.  Shareholders might be inclined to accept the open offer rather than subscribing to the rights issue, especially if the offer price is attractive.
"
SEBI-T4-02,4,"Company X is an unlisted entity wishing to list on Main Board via IPO. It has net tangible assets of Rs. 4 Crores in Year 1, Rs. 2.5 Crores in Year 2, and Rs. 5 Crores in Year 3. Can it list via the normal profitability route under Regulation 6(1) of ICDR, or must it use Regulation 6(2)? Explain the steps.","1. Regulation 6(1)(a) requires net tangible assets of at least Rs. 3 Crores in **each** of the preceding 3 full years. Since Year 2 is Rs 2.5 Cr (< Rs 3 Cr), Company X **fails** Regulation 6(1).
2. Company X must list under **Regulation 6(2)** (QIB Route).
3. Under Reg 6(2), the issue must be made through Book Building process with at least 75% of the net offer allotted to Qualified Institutional Buyers (QIBs).","SEBI (ICDR) Regulations, 2018, Regulation 6(1) & Regulation 6(2)",https://www.sebi.gov.in/legal/regulations/sep-2018/sebi-issue-of-capital-and-disclosure-requirements-regulations-2018_40328.html,N/A,gemma-3n-E4B-it (Together AI),"Okay, let's break down whether Company X can list via the normal profitability route (Regulation 6(1) of ICDR) or must use the other route (Regulation 6(2)) based on the provided net tangible asset (NTA) information.  I'll explain the regulations, the requirements, and the steps involved.

**Understanding the Regulations**

*   **ICDR (Issue of Capital and Disclosure Requirements) Rules, 2011:** These rules govern the process of companies raising capital through public offerings, including Initial Public Offerings (IPOs).
*   **Regulation 6(1):** This regulation allows companies to list on the Main Board of the stock exchange if they meet certain profitability and net worth criteria.  It's the ""normal"" route, focused on demonstrating a track record of profitability.
*   **Regulation 6(2):** This regulation provides an alternative route for companies that *do not* meet the profitability criteria of Regulation 6(1). It's for companies that might be high-growth potential but haven't yet achieved consistent profitability.  The focus here is on substantial net worth and growth potential.

**The Key Criteria - Regulation 6(1)**

To list under Regulation 6(1), a company must satisfy *all* of the following conditions:

1.  **Minimum Net Worth:**  The company must have a minimum net worth of **Rs. 10 Crore**.
2.  **Minimum Raisable Capital:** The company must have a minimum Raisable Capital of **Rs. 50 Crore**.
3.  **Profitability:** The company must demonstrate profitability for at least **three** financial years immediately preceding the year of the IPO.  This means positive net profit in those three years.

**Analyzing Company X's Situation**

Let's analyze Company X's NTA data and what it tells us about its ability to meet the criteria:

*   **Year 1:** Net Tangible Assets (NTA) = Rs. 4 Crores
*   **Year 2:** Net Tangible Assets (NTA) = Rs. 2.5 Crores
*   **Year 3:** Net Tangible Assets (NTA) = Rs. 5 Crores

**Important Note:** NTA is *not* a direct indicator of profitability.  While a healthy NTA is good, it doesn't tell us if the company is making a profit. The key is the *profitability* criteria.

**Can Company X List via Regulation 6(1)?**

Based *solely* on the provided information, **Company X cannot list under Regulation 6(1) at this time.**  Here's why:

1.  **Net Worth:** While the NTA in Year 3 reaches Rs. 5 Crores, the NTA in Year 2 dropped to Rs. 2.5 Crores.  This fluctuating NTA is a red flag.  The net worth needs to be consistently maintained at a level that satisfies the minimum requirement.  Furthermore, the net worth needs to be at least Rs. 10 Crores.
2.  **Profitability:** The question *doesn't* provide any information about Company X's profitability over the past three years.  Regulation 6(1) *requires* three years of profitability.  Without this information, we cannot determine if Company X meets this crucial requirement.

**Therefore, Company X cannot meet the requirements of Regulation 6(1) without demonstrating consistent profitability over the preceding three financial years and maintaining a net worth of at least Rs. 10 Crore.**

**Must Company X Use Regulation 6(2)?**

**Yes, Company X *likely* must use Regulation 6(2).**

Here's why:

*   **Lack of Profitability Data:**  The biggest hurdle is the absence of profitability data.  Even if the NTA is sufficient, the lack of three years of profitability automatically disqualifies the company from the normal route.
*   **Regulation 6(2) is the Alternative:**  Regulation 6(2) is specifically designed for companies that don't meet the profitability requirements of Regulation 6(1), but have strong growth potential and a substantial net worth.
*   **Substantial Net Worth:**  Company X's NTA of Rs. 5 Crores in Year 3 might be considered substantial, but it's not enough on its own. Regulation 6(2) would require a very strong justification for why the company isn't profitable yet, and a convincing plan for future profitability.

**Steps for Company X**

Here's a roadmap for Company X:

1.  **Assess Profitability:**  The *most critical step* is to determine if the company has been profitable for at least three financial years immediately preceding the IPO application.  This involves reviewing financial statements.
2.  **Evaluate Net Worth Consistency:**  Analyze the NTA trend.  Is there a consistent upward trajectory, or are there significant dips?  A stable and increasing NTA is better.
3.  **Prepare for Regulation 6(2):**  If profitability is lacking, Company X must prepare a detailed IPO application under Regulation 6(2).  This application must:
    *   Clearly explain *why* the company is not currently profitable.
    *   Detail a robust business plan outlining a clear path to profitability.
    *   Highlight the company's growth potential, market opportunity, and competitive advantages.
    *   Demonstrate a strong management team.
    *   Assure investors of a clear use of funds.
4.  **Consult with Experts:**  Engage with investment bankers, legal counsel, and auditors experienced in IPOs to navigate the complexities of Regulation 6(2).
5.  **Filing the IPO Application:** File the IPO application with the Securities and Exchange Board of India (SEBI).
6.  **Due Diligence and Approval:**  Undergo SEBI's due diligence process.
7. **Listing on the Stock Exchange:**  Upon SEBI approval, proceed with the IPO and list on the stock exchange.

**Important Disclaimer:** This information is for general guidance only and should not be considered as legal or financial advice. IPO regulations are complex and subject to change. Company X must consult with qualified professionals to ensure compliance with all applicable laws and regulations.



"
SEBI-T4-03,4,"An acquirer acquires 28% of listed Target T. Simultaneously, a promoter group entity pledges 15% shares to a lender. Evaluate the open offer obligations, disclosure timelines for both parties, and lock-in implications under SAST and ICDR.","1. **Acquirer:** Crossing 25% triggers Regulation 3(1) open offer. Must issue Public Announcement within 2 working days and detailed public statement (DPS) within 5 working days.
2. **Promoter Pledge:** Under Reg 31(1) of SAST, promoter must disclose 15% pledge within 7 working days to target and stock exchanges.
3. **Encumbered Shares:** Encumbered promoter shares cannot be pledged if locked-in under ICDR minimum promoter contribution rules.","SEBI (SAST) Reg 3(1), Reg 13, Reg 31 & SEBI (ICDR) Reg 17",https://www.sebi.gov.in/legal/regulations/sep-2011/sebi-substantial-acquisition-of-shares-and-takeovers-regulations-2011_21136.html,N/A,gemma-3n-E4B-it (Together AI),"Okay, let's break down the open offer obligations, disclosure timelines, and lock-in implications for both the acquirer and the promoter group entity in this scenario, considering both the SEBI Acquisition of Shares and Takeovers (SAST) regulations and the ICDR (Issue of Capital and Debt Resolution) regulations.  This is a complex situation, so I'll try to be as comprehensive as possible.

**Scenario Summary:**

*   **Acquirer:** Acquires 28% of listed Target T.
*   **Promoter Group Entity:** Pledges 15% shares to a lender.

**I. Open Offer Obligations (Under SAST Regulations)**

The key trigger for an open offer is when an acquirer's stake in a listed company crosses certain thresholds.  Here's how the 28% acquisition impacts open offer obligations:

*   **Trigger:**  The acquisition of 28% of Target T *absolutely* triggers an open offer obligation under SAST.  This is because the acquirer now holds a majority stake (more than 25%), effectively giving them control or significant influence over the company.
*   **Open Offer Threshold:**  The acquirer is obligated to make an open offer to the remaining shareholders of Target T. The open offer must be for at least 51% of the outstanding equity shares of Target T. This means the acquirer needs to acquire an additional 23% of the shares through the open offer to reach 74% ownership.
*   **Timeframe for Open Offer:**
    *   **Within 30 days** from the date the acquirer's shareholding crosses 25% (which has already happened here), the acquirer *must* launch the open offer.
    *   The open offer must be open for a minimum of **20 business days** and a maximum of **60 business days**.
*   **Price:** The price offered in the open offer must be at least equal to the prevailing market price (as determined by the stock exchanges) on the date the open offer is announced.  If the price is lower, the acquirer must justify the discount offered.
*   **Disclosure:**  The acquirer is required to make several disclosures to the stock exchanges *before*, *during*, and *after* the open offer:
    *   **Initial Disclosure:**  Immediately after the acquisition crosses 25%, the acquirer must disclose the acquisition details, their current shareholding, and their intentions.
    *   **Open Offer Announcement:**  A detailed announcement outlining the terms of the open offer (price, number of shares offered, period, etc.) must be made.
    *   **Progress Updates:** Regular updates on the number of shares subscribed to during the open offer.
    *   **Final Results:**  The outcome of the open offer (number of shares subscribed, final price) must be disclosed.
*   **Exemptions:**  There are limited exemptions from the open offer requirement. These typically involve:
    *   **Changes in Shareholding Pattern due to genuine business reasons.**
    *   **Acquisition by a group company.**
    *   **Acquisition through other means (e.g., private treaty) that do not result in a change in control.**  (This is unlikely to apply here given the 28% acquisition).
    *   **Acquisition by a specified category of investors (e.g., institutional investors).**

**II. Disclosure Timelines (Beyond Open Offer)**

Besides the open offer disclosures, the acquirer has broader disclosure obligations under SAST:

*   **Initial Disclosure of Intent:** As mentioned above, immediately after crossing the 25% threshold.
*   **Disclosure of any Agreements:** Any agreements (including the pledge mentioned below) that may affect the control or management of Target T must be disclosed.
*   **Disclosure of any material changes:** Any material changes in the acquirer's plans or intentions regarding Target T.
*    **Periodic Disclosure:** The acquirer must continue to disclose any material developments related to the acquisition of Target T.

**III. Lock-in Implications**

The pledge of shares by the promoter group entity has significant lock-in implications under both SAST and ICDR.

*   **SAST Implications:**
    *  While SAST doesn't directly mandate lock-ins for the promoter group *unless* they are part of the acquirer's group, the pledge can indirectly impact the open offer.  The exchange might scrutinize the pledge to ensure it doesn't represent a hidden attempt to circumvent the open offer process or manipulate the market.
    *   If the acquirer is a group company, the pledge would likely be considered a compliance matter for the acquirer as well.  The acquirer might need to disclose the pledge and demonstrate that it doesn't affect the open offer process.
*   **ICDR Implications:**
    *   **Lock-in Period:**  The pledged shares will be subject to a lock-in period. This lock-in period is typically the shorter of:
        *   **Three years from the date of the issue/transfer of the shares to the lender.**
        *   **The period specified in the agreement between the promoter group entity and the lender.**
    *   **Restrictions on Trading:** During the lock-in period, the promoter group entity *cannot* sell, transfer, or otherwise dispose of the pledged shares without the lender's consent.  This restriction applies even if the promoter group entity wants to participate in the open offer.
    *   **Impact on Open Offer:** The lock-in means the promoter group entity *cannot* participate in the open offer to sell their pledged shares.  This could affect the overall subscription rate of the open offer. Also, the acquirer has to be aware of this restriction while calculating the total number of shares available in the market.
    *   **Disclosure of Pledge:**  The promoter group entity *must* disclose the pledge to the stock exchanges and to Target T.  This disclosure must include details about the lender, the amount pledged, and the lock-in period.

**IV. Key Considerations and Potential Conflicts**

*   **Conflict of Interest:** There's a potential conflict of interest between the promoter group entity and the acquirer. The promoter group entity's pledged shares could influence the outcome of the open offer. The acquirer must ensure they are aware of this potential conflict and take appropriate steps to mitigate it.
*   **Regulatory Scrutiny:**  The SEBI will likely scrutinize the entire transaction closely, especially the pledge of shares and the open offer process, to ensure compliance with the regulations and to prevent any manipulation or insider trading.
*   **Impact on Share Price:** The open offer and the pledge can both impact the share price of Target T. The acquirer's offer price and the market's perception of the promoter group's financial health can both influence the share price.
*   **Group Company Considerations:** If the acquirer is a group company, the group company's compliance with SAST regulations will be crucial.  The group company will need to ensure that the acquisition and the open offer are conducted in accordance with all applicable regulations.

**Disclaimer:** I am an AI Chatbot and not a financial or legal advisor. This information is for general guidance only and should not be considered as professional advice. You should consult with a qualified legal and financial advisor for advice tailored to your specific circumstances. SEBI regulations are subject to change, so it's essential to refer to the latest official guidelines.

**Resources:**

*   **SEBI (Securities and Exchange Board of India) Website:**  [https://www.sebi.gov.in/](https://www.sebi.gov.in/)
*   **SEBI (SAST) Regulations:**  [https://www.sebi.gov.in/regulation/2011/sebi-regulations-on-acquisition-takeover-and-arrangement-of-shares-of-public-companies-2011/1263_e_20110729.html](https://www.sebi.gov.in/regulation/2011/sebi-regulations-on-acquisition-takeover-and-arrangement-of-shares-of-public-companies-2011/1263_e_20110729.html)
*   **SEBI (ICDR) Regulations:** [https://www.sebi.gov.in/regulation/2014/sebi-regulations-on-issue-and-transfer-of-shares-by-companies-other-than-those-listed-on-a-stock-exchange-2014/1397_e_20140428.html](https://www.sebi.gov.in/regulation/2014/sebi-regulations-on-issue-and-transfer-of-shares-by-companies-other-than-those-listed-on-a-stock-exchange-2014/1397_e_20140428.html)



I hope this comprehensive breakdown is helpful!  Let me know if you have any further questions."
SEBI-T4-04,4,"A listed entity enters into a Related Party Transaction (RPT) with a promoter subsidiary valued at Rs. 1,200 Crores. Consolidated turnover is Rs. 10,000 Crores. Trace the full approval hierarchy under SEBI LODR.","1. 10% of consolidated turnover = Rs. 1,000 Crores.
2. Rs. 1,200 Crores exceeds the threshold of Rs 1,000 Crores (lower of 10% or Rs 1,000 Cr).
3. **Step 1:** Prior approval of Audit Committee (only independent members vote).
4. **Step 2:** Board recommendation.
5. **Step 3:** Prior shareholder approval by Ordinary Resolution where related parties cannot vote.","SEBI (LODR) Regulations, 2015, Regulation 23(2), 23(4) & 23(7)",https://www.sebi.gov.in/legal/regulations/jan-2024/sebi-listing-obligations-and-disclosure-requirements-regulations-2015-last-amended-on-january-10-2024-_80644.html,N/A,gemma-3n-E4B-it (Together AI),"Okay, let's break down the approval hierarchy for a Related Party Transaction (RPT) valued at ₹1,200 Crores between a listed entity and a promoter subsidiary, according to the SEBI Listing Obligations and Disclosure Requirements (LODR).  Given the transaction value and the consolidated turnover, a robust approval process is required.

Here's a detailed tracing of the approval hierarchy, based on the SEBI LODR guidelines, presented in a structured format:

**1. Transaction Classification:**

*   **RPT Type:**  This is a transaction with a promoter subsidiary.  Promoter subsidiaries are considered related parties.
*   **Transaction Value:** ₹1,200 Crores.  This is a significant value and triggers higher levels of scrutiny.

**2. Approval Hierarchy - SEBI LODR Guidelines**

The approval process is hierarchical, with escalating approvals based on the transaction value and the nature of the RPT.

**Level 1: Board of Directors (Essential)**

*   **Requirement:** The transaction *must* be presented to and approved by the Board of Directors. This is the foundational approval.
*   **Documentation:**  The Board meeting minutes must clearly record the discussion, evaluation, and approval of the RPT.  The minutes should include:
    *   Details of the transaction (nature, terms, value).
    *   Justification for the transaction (business rationale, benefits to the listed entity).
    *   Independent valuation report (if applicable, especially for significant transactions).
    *   Assessment of the impact on the listed entity's financial position and profitability.
    *   Disclosure requirements under LODR.
*   **Rationale:**  The Board is responsible for overseeing the company's strategy and ensuring that transactions are in the best interests of the shareholders.

**Level 2: Audit Committee (Crucial)**

*   **Requirement:**  The transaction *must* be reported to and approved by the Audit Committee of the Board.  The Audit Committee provides independent oversight of financial reporting and RPTs.
*   **Documentation:** The Audit Committee meeting minutes should contain:
    *   A review of the Board's approval.
    *   Assessment of the transaction's compliance with applicable accounting standards (Ind AS/IFRS).
    *   Confirmation of the adequacy of the valuation (if applicable).
    *   Review of the disclosure requirements under LODR.
    *   Assessment of any potential conflicts of interest.
*   **Rationale:** The Audit Committee ensures the financial integrity of the transaction and that it is properly disclosed to investors.

**Level 3: Shareholders (Mandatory for Significant Transactions)**

*   **Requirement:**  Given the transaction value of ₹1,200 Crores and the consolidated turnover of ₹10,000 Crores, shareholder approval is *required*.  This is a key element of the LODR.
*   **Process:**
    *   **Notice:**  A notice of the proposed RPT and the call for a special resolution must be sent to all shareholders. The notice must include detailed information about the transaction, its terms, and the rationale for the transaction.
    *   **Special Resolution:** A special resolution (requiring at least 75% affirmative vote) must be obtained from the shareholders.
    *   **Documentation:**
        *   Notice of the Extraordinary General Meeting (EGM) to shareholders.
        *   Minutes of the EGM, including the resolution passed.
        *   Shareholder register showing the percentage of shares held by each shareholder.
*   **Rationale:**  Shareholder approval ensures that the transaction is in the best interests of the company and its shareholders, and that the transaction is not unduly burdensome on the company.

**Level 4: Regulatory Approval (Potential)**

*   **Requirement:** Depending on the nature of the transaction and the specific regulations applicable to the industry, regulatory approval from other bodies might be needed.  This is less likely for a simple business transaction between a listed entity and a promoter subsidiary, *unless* it involves regulatory approvals for the subsidiary's operations.
*   **Examples:**
    *   If the subsidiary operates in a regulated sector (e.g., banking, insurance, telecom), regulatory approval from the relevant authority might be required.
    *   If the transaction involves transfer of assets or intellectual property, regulatory approvals may be necessary.
*    **Documentation:** Records of all regulatory approvals obtained (or lack thereof).

**3. Disclosure Requirements (Continuous)**

*   **LODR Compliance:**  The listed entity *must* disclose the RPT in its quarterly and annual reports, as well as in any other relevant filings with the stock exchanges.
*   **Disclosure Details:**  The disclosure must include:
    *   The nature of the transaction.
    *   The name and relationship of the related party.
    *   The value of the transaction.
    *   The terms of the transaction.
    *   The rationale for the transaction.
    *   Any guarantees or commitments given.
    *   The impact of the transaction on the company's financial position and profitability.
    *   Details of the approval process followed.

**Summary Table:**

| Level           | Approving Authority      | Documentation                                                                                                                                                              | Rationale                                                                                               |
|-----------------|--------------------------|---------------------------------------------------------------------------------------------------------------------------------------------------------------------------|---------------------------------------------------------------------------------------------------------|
| 1. Board of Directors | Board of Directors      | Board Meeting Minutes (including discussion, justification, independent valuation (if needed), impact assessment, disclosure plan)                                              | Oversee strategy, best interests of shareholders                                                          |
| 2. Audit Committee | Audit Committee           | Audit Committee Meeting Minutes (review of Board approval, compliance with accounting standards, valuation review, conflict of interest assessment, disclosure review) | Financial integrity, compliance with accounting standards                                                   |
| 3. Shareholders   | Shareholders (Special Resolution) | Notice of EGM, Minutes of EGM (resolution passed), Shareholder Register                                                                                                  | Ensure transaction is in best interest of the company and shareholders                                  |
| 4. Regulatory  | Relevant Regulatory Bodies | Records of approvals (or lack thereof)                                                                                                                                    | Compliance with industry-specific regulations                                                             |
| Continuous      | Listed Entity            | Quarterly & Annual Reports, other filings (detailed disclosure of transaction, related party details, value, terms, rationale, impact, approval process) | Transparency, informed investor decision-making, compliance with LODR                                    |

**Important Considerations:**

*   **Nature of the Transaction:**  The specific approval requirements may vary depending on the nature of the RPT.
*   **Industry Regulations:**  Industry-specific regulations may impose additional approval requirements.
*   **Conflict of Interest:**  A thorough assessment of potential conflicts of interest is essential at all levels.
*    **Independent Valuation:** For transactions exceeding a certain threshold (often linked to the company's capital or turnover), an independent valuation report is usually required.
*   **Documentation is Key:**  Maintain complete and accurate documentation of the entire approval process.

**Disclaimer:**  This information is for general guidance only and does not constitute legal advice.  You should consult with legal and financial professionals to ensure compliance with all applicable laws and regulations.  SEBI LODR guidelines are subject to change, so it's crucial to refer to the latest version of the guidelines on the SEBI website.



"
SEBI-T4-05,4,"An AMC launches an ESG thematic Mutual Fund. Trace the compliance steps under SEBI Master Circular 2024 regarding minimum investment in ESG assets, fund name rules, and voting disclosure.","1. **Portfolio:** At least 80% of total assets of scheme must be invested in equities following the specified ESG strategy.
2. **Strategy:** Must clearly adopt one of the 6 recognized ESG strategies (e.g. Exclusion, Integration, Impact).
3. **BRSR:** Investee companies must have Business Responsibility and Sustainability Reporting (BRSR) Core disclosures.
4. **Voting:** AMC must disclose votes cast on ESG resolutions along with rationale.","SEBI Master Circular for Mutual Funds, 2024 (ESG Framework Chapter)",https://www.sebi.gov.in/legal/master-circulars/may-2023/master-circular-for-mutual-funds_71329.html,N/A,gemma-3n-E4B-it (Together AI),"Okay, let's break down the compliance steps an AMC (Asset Management Company) needs to follow when launching an ESG (Environmental, Social, and Governance) thematic Mutual Fund, specifically focusing on the SEBI Master Circular 2024 requirements. I'll cover minimum investment in ESG assets, fund name rules, and voting disclosure, outlining the steps involved.

**Important Disclaimer:** *I am an AI and cannot provide legal or financial advice. This information is for general understanding only. You should always consult with legal and compliance professionals for specific guidance related to your situation.*



---

**1. Minimum Investment in ESG Assets (as per SEBI Master Circular 2024)**

The SEBI Master Circular 2024 emphasizes the importance of demonstrable ESG integration.  Here's a breakdown of the compliance steps related to minimum ESG asset allocation:

*   **Defining ESG Integration Strategy:**
    *   **Detailed Policy:** The AMC must develop a comprehensive ESG integration policy. This policy should clearly articulate:
        *   How ESG factors will be incorporated into the investment decision-making process (analysis, risk assessment, and portfolio construction).
        *   The investment philosophy and how it aligns with ESG principles.
        *   The criteria for selecting and evaluating ESG-related investments.
        *   The process for monitoring ESG performance of portfolio holdings.
    *   **Document the Process:** The entire process of ESG integration, from screening to monitoring, should be documented.
*   **Minimum ESG Asset Allocation:**
    *   **Mandatory Disclosure:** The fund scheme information document (SID) and the key information memorandum (KIM) *must* clearly state the minimum percentage of the fund's assets that will be invested in ESG-compliant securities.  **SEBI Master Circular 2024 specifies a minimum allocation of 75% to ESG compliant securities.**
    *   **Definition of ESG Compliant Securities:** The AMC must define precisely what constitutes an ""ESG-compliant security."" This definition should be based on recognized ESG rating agencies (e.g., Sustainalytics, MSCI, Refinitiv) or other credible ESG data providers.  The criteria should be transparent and consistently applied.
    *   **Regular Monitoring & Reporting:** The AMC is required to continuously monitor the ESG composition of the portfolio and ensure that the minimum allocation is maintained.  This monitoring data must be regularly reported to SEBI and disclosed to investors.
*   **ESG Rating & Screening:**
    *   **ESG Ratings:**  The AMC must use reputable ESG rating agencies to assess the ESG performance of potential investments.
    *   **Screening Criteria:** Define clear screening criteria based on ESG ratings. This could involve:
        *   Minimum ESG rating thresholds.
        *   Exclusion of companies involved in certain controversial activities (e.g., tobacco, weapons, fossil fuels).
        *   Positive screening for companies with strong ESG performance.
    *   **Transparent Methodology:** The methodology used for ESG screening must be transparent and consistently applied.
*   **Documentation & Audit Trail:**
    *   Maintain a clear audit trail of all ESG-related decisions, including investment selections, ESG ratings, and screening processes.  This documentation should be readily available for inspection by SEBI.



**2. Fund Name Rules (as per SEBI Master Circular 2024)**

The Master Circular 2024 provides guidelines on naming schemes, especially those with a thematic focus.  Here's how it applies to an ESG fund:

*   **Clarity and Transparency:** The fund name must clearly indicate its ESG focus.  Avoid ambiguous or misleading names.
*   **Use of ""ESG"" or Similar Terms:** The name should explicitly include ""ESG"" or a variation like ""Sustainable,"" ""Responsible,"" or ""Impact."" For example:
    *   ""XYZ ESG Fund""
    *   ""ABC Sustainable Growth Fund""
    *   ""Green Future Impact Fund""
*   **Avoid Misleading Claims:**  The name must not make unsubstantiated claims about the fund's ESG performance or impact.  Avoid terms like ""greenwashing.""
*   **Consistency:** The fund name should be consistent with the fund's investment strategy and portfolio holdings.
*   **Approval Process:**  The AMC must submit the proposed fund name to SEBI for approval before launching the fund.  SEBI will review the name to ensure it complies with the guidelines.
*    **Scheme Information Document (SID) Alignment:** The name used should be consistent with the information provided in the SID and KIM.

**3. Voting Disclosure (as per SEBI Master Circular 2024)**

The Master Circular 2024 significantly strengthened voting disclosure requirements for AMCs, especially for ESG funds. Here's how it relates to your fund:

*   **Mandatory Disclosure:** AMCs are now *required* to disclose their voting decisions in shareholder meetings of the companies in which they hold investments.
*   **Scope of Disclosure:**  Disclosure must include:
    *   The name of the company.
    *   The voting issue.
    *   The AMC's voting decision (e.g., ""Yes,"" ""No,"" ""Abstain"").
    *   The rationale for the voting decision.  This is a *critical* addition. The rationale must explain *why* the AMC voted the way it did, particularly in relation to ESG factors.
*   **Timeline for Disclosure:**  The disclosure must be made within a specified timeframe after the shareholder meeting (typically within 24 hours of the meeting).
*   **Disclosure Platform:**  The disclosure must be made on the SEBI's Voting Disclosure Portal.  AMCs must register on this portal and submit the required information.
*   **ESG Rationale:**  For ESG funds, the rationale for voting decisions *must* explicitly reference the ESG considerations that influenced the vote.  This is crucial for demonstrating the fund's commitment to ESG principles.  For example:
    *   ""Voted 'Yes' on the proposal to appoint a new director, considering the director's demonstrated experience in sustainability and corporate governance.""
    *   ""Voted 'No' on the proposal to approve a capital expenditure project, due to concerns about the project's potential environmental impact.""
*    **Record Keeping:** The AMC must maintain detailed records of all voting decisions, including the rationale behind each decision.
*   **Transparency:**  The voting disclosure information must be readily accessible to investors. This information should be included in the fund's website and other investor communications.





---

**Key Resources:**

*   **SEBI Master Circular 2024:**  [https://www.sebi.gov.in/notifications/notifications/2024/sebi-master-circular-2024-on-amendments-to-amc-regulations-2019/125859659968.html](https://www.sebi.gov.in/notifications/notifications/2024/sebi-master-circular-2024-on-amendments-to-amc-regulations-2019/125859659968.html)
*   **SEBI Website:** [https://www.sebi.gov.in/](https://www.sebi.gov.in/)



**Recommendations:**

1.  **Expert Consultation:**  Engage with legal and compliance professionals experienced in mutual fund regulations and ESG compliance to ensure full adherence to SEBI guidelines.
2.  **Robust Documentation:**  Maintain detailed documentation of all ESG-related processes, decisions, and disclosures.
3.  **Transparency:**  Be transparent with investors about the fund's ESG strategy, investment process, and performance.
4.  **Continuous Monitoring:** Continuously monitor and update the ESG integration policy and investment process to reflect evolving regulations and best practices.



I hope this detailed breakdown is helpful.  Remember, this information is for guidance only, and professional advice is essential for compliance.



"
SEBI-T4-06,4,"A Category III AIF plans to use algorithmic trading and derivatives leverage equal to 1.8x NAV. What risk management, leverage monitoring, and SEBI reporting workflows are mandated?","1. **Leverage Limit:** 1.8x NAV is within the statutory 2-times NAV cap under Reg 18(2).
2. **Calculation:** Calculated using Gross Absolute Exposure.
3. **Reporting:** Must report leverage daily/monthly to custodian and submit quarterly report to SEBI.
4. **Algo Trading:** Must obtain exchange approval for algo software.","SEBI (AIF) Regulations, 2012, Regulation 18 & SEBI Circular on AIF Leverage",https://www.sebi.gov.in/legal/regulations/may-2012/sebi-alternative-investment-funds-regulations-2012_22864.html,N/A,gemma-3n-E4B-it (Together AI),"Okay, let's break down the risk management, leverage monitoring, and SEBI reporting workflows mandated for a Category III Alternative Investment Fund (AIF) employing algorithmic trading and derivatives leverage of 1.8x NAV.  This is a complex area, and the requirements are stringent, especially given the use of algorithmic trading. I'll outline the key aspects, drawing upon SEBI regulations, industry best practices, and common AIF operational principles.

**Disclaimer:** *I am an AI assistant and cannot provide financial or legal advice. This information is for general understanding only and should not be considered a substitute for professional counsel.  You *must* consult with legal and compliance experts to ensure full compliance with all applicable regulations.*

**I. Regulatory Framework (Key References)**

*   **SEBI (Alternative Investment Funds) Regulations, 2012:** This is the primary regulatory document governing AIFs in India.  Pay particular attention to sections related to:
    *   Leverage Limits (Section 4(16))
    *   Risk Management Framework (Section 4(17))
    *   Reporting Requirements (various sections)
    *   Algorithmic Trading Guidelines (if SEBI has specific guidelines - check for updates)
*   **SEBI Guidelines on Algorithmic Trading:** SEBI has specific guidelines related to algorithmic trading, particularly regarding market access, risk management, and surveillance.  These guidelines are evolving, so staying updated is crucial.
*   **Master Directions for Alternative Investment Funds:** These directions provide further clarifications and operational guidelines.
*   **Fund Documents:** The AIF's Scheme Information Document (SID) and other fund documents will outline the fund's investment strategy, risk profile, and risk management policies.

**II. Risk Management Workflows**

A robust risk management framework is *essential* for a Category III AIF using algorithmic trading and leverage. This should be integrated into the fund's operations and regularly reviewed.

1.  **Risk Identification & Assessment:**
    *   **Market Risk:**  This is a primary concern with algorithmic trading and leverage.  It includes:
        *   **Price Risk:**  Changes in asset prices impacting portfolio value.
        *   **Volatility Risk:**  Sudden and significant price swings.
        *   **Liquidity Risk:**  Difficulty in buying or selling assets quickly at fair prices.  Especially important with algorithmic trading, where rapid execution is key.
        *   **Correlation Risk:**  Unexpected movements in correlated assets.
    *   **Credit Risk:**  (If the fund invests in debt instruments).  The risk of default by issuers.
    *   **Operational Risk:**  This is amplified with algorithmic trading:
        *   **System Failure:**  Algorithmic trading systems crashing or malfunctioning.
        *   **Data Errors:**  Inaccurate or incomplete data feeding the algorithms.
        *   **Coding Errors:**  Bugs in the algorithm's code leading to unintended trades.
        *   **Cybersecurity Risks:**  Hacking or unauthorized access to the system.
    *   **Model Risk:** (Specific to Algorithmic Trading) - The risk that the models used for trading are inaccurate or poorly calibrated.
    *   **Regulatory Risk:** Changes in SEBI regulations impacting the fund's operations.
    *   **Concentration Risk:** Overexposure to specific sectors, issuers, or asset classes.
    *   **Liquidity Risk:** (Fund level) - Difficulty in meeting redemption requests from investors.
2.  **Risk Mitigation:**
    *   **Diversification:**  Diversify across asset classes, geographies, and investment strategies.
    *   **Stop-Loss Orders:**  Use stop-loss orders to limit potential losses.
    *   **Position Limits:**  Set limits on the size of individual positions.
    *   **Stress Testing:**  Regularly stress-test the portfolio under various market scenarios (e.g., market crashes, interest rate hikes, liquidity crises).
    *   **Scenario Analysis:**  Assess the potential impact of different events on the portfolio.
    *   **Algorithmic Safeguards:**
        *   **Kill Switches:** Implement kill switches that allow for immediate suspension of the algorithm in case of anomalies.
        *   **Circuit Breakers:**  Set circuit breakers to automatically halt trading if pre-defined risk thresholds are exceeded.
        *   **Parameter Limits:** Limit the range of parameters the algorithm can operate within.
        *   **Real-time Monitoring:**  Continuous monitoring of the algorithm's performance and trading activity.
    *   **Hedging:**  Use derivatives to hedge against specific risks.
3.  **Risk Monitoring & Reporting:**
    *   **Real-time Risk Dashboards:**  Implement real-time risk dashboards to track key risk metrics (e.g., P&L, VaR, stress test results, exposure limits).
    *   **Regular Risk Reports:**  Generate regular risk reports for the investment committee and the board of directors.  These reports should include:
        *   Key risk indicators (KRIs)
        *   Risk exposures
        *   Performance attribution
        *   Compliance with risk limits
        *   Incident reports (any breaches of risk limits or operational issues).
    *  **Value at Risk (VaR) Calculation:**  Implement a VaR model to estimate potential losses over a specific time horizon and confidence level. This is particularly important with leverage.
    * **Stress Testing Results:** Document and analyze the results of stress tests.

**III. Leverage Monitoring Workflow**

Given the 1.8x NAV leverage, a robust monitoring system is crucial.

1.  **Real-time NAV Calculation:**  Accurate and timely calculation of the fund's Net Asset Value (NAV) is essential.
2.  **Leverage Limit Calculation:** The system must continuously calculate the allowed leverage based on the current NAV (1.8x NAV in this case).  This needs to be automatically updated with each NAV calculation.
3.  **Leverage Monitoring System:**
    *   A dedicated system should monitor the fund's leverage in real-time.
    *   The system should trigger alerts if the leverage exceeds the allowed limit.
    *   Alerts should be sent to relevant personnel (e.g., portfolio manager, risk manager, compliance officer).
4.  **Automated Controls:**
    *   Implement automated controls to prevent the fund from exceeding the leverage limit.  This could involve halting trading or restricting the use of certain trading strategies.
5. **Regular Reconciliation:** Reconcile leverage calculations with the fund's accounting records to ensure accuracy.
6. **Independent Verification:**  Have an independent party (e.g., an internal audit function or external auditor) verify the leverage monitoring system and its effectiveness.

**IV. SEBI Reporting Workflows**

SEBI mandates specific reporting requirements for AIFs.  Here's a breakdown:

1.  **Regular Reporting (as per SEBI guidelines):**
    *   **Monthly Reporting:**  This includes:
        *   Portfolio holdings
        *   P&L statement
        *   NAV
        *   Leverage levels
        *   Risk metrics (e.g., VaR)
        *   Trading activity
        *   Compliance with investment restrictions.
    *   **Quarterly Reporting:**  More detailed reporting on investment strategy, performance, and risk management.
    *   **Annual Reporting:**  Comprehensive report on the fund's performance, risk management practices, and compliance with regulations.
2.  **Specific Reporting for Algorithmic Trading:**
    *   SEBI may require reporting on the algorithms used, including their design, testing, and risk controls.
    *   Reporting on system downtime and operational disruptions.
    *   Reporting on any breaches of algorithmic trading guidelines.
3.  **Incident Reporting:**
    *   SEBI mandates reporting of any significant incidents (e.g., system failures, trading errors, security breaches) within a specified timeframe.
4.  **Reporting Platform:** SEBI often requires reporting through a designated online platform.
5.  **Audit Trail:** Maintain a complete audit trail of all trading activities and risk management decisions.

**Key Considerations Specific to Algorithmic Trading:**

*   **Algorithm Documentation:** Maintain comprehensive documentation of all algorithms, including their purpose, functionality, parameters, and risk controls.
*   **Backtesting & Validation:** Rigorously backtest and validate algorithms before deployment.
*   **Continuous Monitoring:** Continuously monitor algorithms in live trading to identify and address any performance issues or anomalies.
*   **Model Validation:** Regularly validate the models used in algorithmic trading to ensure their accuracy and reliability.
*   **Data Quality:**  Ensure the quality and integrity of the data feeding the algorithms.
*  **Cybersecurity:** Implement robust cybersecurity measures to protect the algorithmic trading system from hacking and data breaches.

**Important Reminders:**

*   **Stay Updated:**  SEBI regulations and guidelines are subject to change.  It is crucial to stay updated on the latest requirements.
*   **Documentation is Key:**  Maintain comprehensive documentation of all risk management policies, procedures, and monitoring activities.
*   **Independent Review:** Conduct regular independent reviews of the fund's risk management framework and compliance with regulations.
*   **Expert Advice:**  Seek advice from legal, compliance, and risk management experts to ensure full compliance.



This is a comprehensive overview.  You *must* consult with legal and compliance professionals to tailor these workflows to the specific circumstances of your AIF. Good luck!



"
SEBI-T4-07,4,"A listed promoter holds 72% equity and wants to acquire 4% more via creeping acquisition, but the company is also planning a QIP. How do creeping acquisition rules interact with QIP dilution?","1. Creeping acquisition under Reg 3(2) permits up to 5% per FY provided post-acquisition holding does not exceed 75%.
2. QIP increases total paid-up equity, diluting promoter % holding.
3. If promoter acquires 4% before QIP, post-QIP percentage will drop.
4. Promoter cannot acquire if QIP shares are issued with promoter participation unless QIP pricing/rules complied with.",SEBI (SAST) Reg 3(2) & SEBI (ICDR) Chapter VI,https://www.sebi.gov.in/legal/regulations/sep-2011/sebi-substantial-acquisition-of-shares-and-takeovers-regulations-2011_21136.html,N/A,gemma-3n-E4B-it (Together AI),"Okay, let's break down how creeping acquisition rules interact with a Qualified Institutional Placement (QIP) offering, especially when a listed promoter is involved. This is a complex area with regulatory nuances, so I'll aim to be comprehensive while acknowledging that specific legal advice should always be sought.

**Understanding the Players & Terms**

*   **Listed Promoter:** An individual or group holding a significant stake in a publicly listed company, usually with substantial influence.
*   **Creeping Acquisition:** A gradual acquisition of shares of a company by a promoter or related parties, typically within specified limits to avoid triggering trigger events under SEBI regulations.  It's designed to allow for incremental ownership increases.
*   **QIP (Qualified Institutional Placement):** A method of raising capital by issuing shares to qualified institutional buyers (QIBs) like mutual funds, insurance companies, pension funds, and other eligible entities.  It's a common way for companies to raise funds without significantly diluting existing shareholders.
*   **Dilution:** The reduction in ownership percentage of existing shareholders due to the issuance of new shares.

**The Core Issue: How do creeping acquisition limits interact with the dilution from a QIP?**

The primary concern is whether the QIP offering pushes the promoter's ownership beyond the permissible limits allowed under creeping acquisition regulations.  Here's a detailed explanation of the interaction:

**1. Creeping Acquisition Regulations (SEBI Guidelines - Generally):**

*   SEBI (Securities and Exchange Board of India) has regulations governing creeping acquisitions to prevent manipulation and ensure fair market practices.
*   These regulations typically set limits on the percentage of shares a promoter/related party can acquire within a specified timeframe (e.g., 2% per quarter, cumulative limit within a year). These limits are often tied to the existing ownership percentage.  The specifics are found in the SEBI (Promoter and Insider Trading) Regulations, 2015.
*   The rationale behind these rules is to prevent a promoter from gradually accumulating a controlling stake without triggering mandatory open market disclosures and potential regulatory scrutiny.

**2. QIP and Dilution:**

*   A QIP involves the issuance of new shares, thereby increasing the total number of outstanding shares.
*   This increase in the share count dilutes the ownership percentage of all existing shareholders, including the promoter.
*   The dilution percentage depends on the number of shares issued in the QIP relative to the existing share base.

**3. The Interaction - Potential Scenarios & Considerations:**

Here's a breakdown of how the creeping acquisition and QIP can interact, along with the potential outcomes:

*   **Scenario 1: QIP Dilution + Creeping Acquisition**
    *   The promoter starts a creeping acquisition.
    *   Simultaneously, the company undertakes a QIP.
    *   **The Crucial Point:** The promoter's ownership percentage *after* the QIP must *not* exceed the limits allowed by the creeping acquisition rules.
    *   **Example:** Let's say the promoter currently holds 72%. The creeping acquisition limit is 2% per quarter. A QIP is planned that will issue new shares, reducing the promoter's stake to 70%. If the creeping acquisition, even with the QIP dilution, would push the promoter's stake above the allowable limit (e.g., to 74% or higher), then the creeping acquisition would need to be adjusted or paused.
*   **Scenario 2: QIP Before Creeping Acquisition**
    *   The company first executes the QIP.
    *   Then, the promoter initiates a creeping acquisition.
    *   **The Crucial Point:** The creeping acquisition limits apply to the *new* ownership stake *after* the QIP dilution.  The promoter must ensure that the creeping acquisition doesn't push the ownership beyond the allowed threshold *after* the dilution from the QIP.
*   **Scenario 3: QIP and Creeping Acquisition are Timed Close Together**
    *   The company plans the QIP and the creeping acquisition to occur in close succession.
    *   **The Crucial Point:**  This requires meticulous planning and calculation.  The promoter needs to model the impact of the QIP dilution on their ownership stake and ensure that the creeping acquisition remains within the regulatory limits *even with* the dilution.  It's highly advisable to consult with legal and financial advisors.

**4.  Key Considerations and Actions:**

*   **Detailed Calculation:** The promoter's team must perform precise calculations to determine the impact of the QIP on their ownership percentage and how much room they have left for creeping acquisitions.
*   **Disclosure Requirements:**  Both the QIP and the creeping acquisition will trigger disclosure requirements under SEBI regulations.  The promoter must ensure compliance with all disclosure obligations.  This includes informing the stock exchange about the QIP and any creeping acquisition activities.
*   **Regulatory Compliance:**  The promoter must ensure that the creeping acquisition activities comply with all applicable SEBI regulations.  This includes adhering to the timeframe limits and other restrictions.
*   **Legal Counsel:**  It is *highly recommended* that the promoter consult with legal counsel specializing in securities law and corporate regulations.  They can provide guidance on the specific rules that apply and help ensure compliance.
*   **Financial Advisor:**  Consulting with a financial advisor is crucial to assess the financial implications of the QIP and creeping acquisition, and to optimize the timing and structure of the transactions.
*   **Board Approval:** The company's board of directors needs to approve both the QIP and the creeping acquisition plan, ensuring that all regulatory requirements are met.
*   **Impact on Promoter's Control:** The promoter needs to consider the long-term implications of the creeping acquisition on their control over the company.  They should ensure that the acquisition does not compromise their ability to manage the company effectively.

**In Summary:**

The QIP dilution significantly impacts the creeping acquisition strategy. The promoter must carefully calculate the impact of the QIP on their ownership stake and ensure that the creeping acquisition activities remain within the regulatory limits.  Thorough planning, legal counsel, and compliance with disclosure requirements are essential.  Failing to do so can result in regulatory penalties and potential legal challenges.



**Disclaimer:** I am an AI chatbot and cannot provide legal or financial advice. This information is for general guidance only and should not be considered a substitute for professional advice. You should consult with qualified legal and financial professionals to discuss your specific situation.



"
SEBI-T4-08,4,An insider communicates UPSI regarding a divestment to an external consultant under a Non-Disclosure Agreement (NDA). The consultant trades shares. Who is liable under PIT Regulations?,"1. **Consultant Liability:** The consultant is a 'Connected Person' (Reg 2(1)(d)) and insider. Trading while in possession of UPSI violates Reg 3(1) and Reg 4(1).
2. **Insider Communication Liability:** Under Reg 3(1), communicating UPSI is prohibited unless for legitimate purpose. Merely signing an NDA does not grant immunity if communication lacked legitimate business purpose.
3. **Structured Digital Database (SDD):** Company must verify if consultant entry was logged in SDD under Reg 3(5).","SEBI (PIT) Regulations, 2015, Regulation 3(1), 3(5), 4(1)",https://www.sebi.gov.in/legal/regulations/jan-2015/sebi-prohibition-of-insider-trading-regulations-2015-last-amended-on-nov-24-2022-_38830.html,N/A,gemma-3n-E4B-it (Together AI),"Okay, let's break down the liability under Philippine Income Tax (PIT) regulations in this scenario. This is a complex situation involving insider trading, disclosure obligations, and the consequences of trading on non-public information. Here's a detailed analysis:

**The Core Issue: Insider Trading**

The central problem is whether the consultant's trading constitutes insider trading.  Insider trading is generally illegal and carries significant penalties.  It occurs when someone trades securities based on material, non-public information.

**Key Players and Their Potential Liability:**

1.  **The Insider (Communicator):**

    *   **Liability:** The insider is *primarily* liable.  They are the source of the material, non-public information.  They have a duty of confidentiality to their company and a legal obligation to not disclose such information to unauthorized parties.
    *   **PIT Implications:**  While the main legal repercussions are civil and criminal (under the Securities Regulation Code - SRC), there *may* be PIT implications if the insider benefits directly from the illegal trade.  If the insider received a benefit (e.g., a profit) as a *direct result* of the consultant's trading based on the information disclosed, that profit could be considered taxable income.  This is a grey area and depends heavily on the specific facts.  The BIR (Bureau of Internal Revenue) would likely scrutinize this.
    *   **Disclosure Obligation:** The insider likely violated company policies and potentially the SRC by disclosing the information. This can lead to disciplinary actions within the company, potentially impacting their employment and future career prospects.

2.  **The External Consultant (Trader):**

    *   **Liability:** The consultant is also *liable* for insider trading.  They knowingly or recklessly traded on material, non-public information.  Even if they didn't receive the information directly from the insider, they likely had a duty to verify the legality of the information they were trading on.  The fact that they were receiving information under an NDA does *not* automatically absolve them of responsibility.  The NDA primarily protects the confidentiality of the information from *unauthorized disclosure*, not from *trading on it*.
    *   **PIT Implications:** The profits made from the illegal trade are considered taxable income.  The consultant is responsible for declaring and paying income tax on those profits.  The BIR will likely investigate the source of the profits and the circumstances surrounding the trade.
    *   **Criminal Liability:** The consultant can face criminal prosecution under the SRC. Penalties can include imprisonment and substantial fines.
    *    **Civil Liability:** Can be sued for damages by the company and other investors who suffered losses as a result of the illegal trading.

3.  **The Company (UPSI Discloser):**

    *   **Liability:** The company *may* have some liability, but it's typically secondary to the insider and the consultant.  The company has a responsibility to maintain the confidentiality of its material, non-public information.  If the company's internal controls were inadequate, contributing to the disclosure, there *might* be some liability.
    *   **PIT Implications:** The company isn't directly liable for the consultant's profits, but they could face penalties if they were found to have facilitated or allowed the insider trading to occur due to negligence or a lack of proper compliance procedures.  The company might also have to reimburse the insider, if the company is pursuing legal action.
    *    **Reputational Damage**: Significant damage to the company's reputation.

**Relevant Provisions under Philippine Law:**

*   **Securities Regulation Code (SRC):**  This is the primary law governing insider trading.  It prohibits trading on material, non-public information.  It outlines the penalties for violations.  (Specifically, Sections 105 and 106).
*   **National Internal Revenue Code (NIRC):**  This governs income tax.  The profits from the illegal trade are subject to income tax.
*   **Code of Corporate Governance:**  This emphasizes the duty of directors, officers, and employees to act in the best interest of the company and to maintain confidentiality.
*   **Internal Revenue Code Sections on Taxable Income:**  The profit from the illegal trade will be treated as ordinary income and is subject to the applicable income tax rates.

**Important Considerations:**

*   **Materiality:** The information must be ""material"" – meaning it would likely influence a reasonable investor's decision to buy or sell the securities.
*   **Non-Public:** The information must not be available to the general public.
*   **Duty of Confidentiality:** The insider has a legal and ethical duty to maintain the confidentiality of material, non-public information.
*   **Intent:** While intent to profit from the illegal trade is often a factor, liability can exist even without explicit intent.
*   **Due Diligence:** The consultant has a responsibility to exercise due diligence and ensure the legality of the information they are trading on.
*   **NDA Limitations:** An NDA protects confidential information from unauthorized disclosure. It doesn't give the right to trade on that information.

**What Should Be Done?**

1.  **Immediate Consultation with Legal Counsel:** Both the insider and the consultant *must* consult with experienced securities lawyers immediately.
2.  **Internal Investigation:** The company should conduct a thorough internal investigation to determine the extent of the disclosure, the nature of the information, and the actions taken by all parties involved.
3.  **Voluntary Disclosure:** Depending on the circumstances, the company and/or the consultant might consider voluntary disclosure to the BIR and the Securities and Exchange Commission (SEC).  This can sometimes mitigate penalties.
4. **Cooperation with Authorities:** Full cooperation with any investigation by the BIR, SEC, or other regulatory bodies is crucial.



**Disclaimer:** *I am an AI Chatbot and not a legal professional. This information is for general guidance only and should not be considered legal advice. You should consult with a qualified lawyer in the Philippines for advice specific to your situation.*



"
SEBI-T4-09,4,"A listed company fails to appoint a mandatory Woman Independent Director for 2 consecutive quarters. What penalties, stock exchange actions, and board compliance steps follow under LODR?","1. **LODR Reg 17(1):** Board must have at least one independent woman director.
2. **SOP Fines:** Stock exchanges impose fine of Rs. 5,000 per day under SEBI SOP Circular until compliance.
3. **Freezing:** If non-compliance continues beyond 60 days, exchange freezes promoter shareholding.","SEBI (LODR) Regulations, 2015, Regulation 17(1) & SEBI SOP Circular 2020",https://www.sebi.gov.in/legal/regulations/jan-2024/sebi-listing-obligations-and-disclosure-requirements-regulations-2015-last-amended-on-january-10-2024-_80644.html,N/A,gemma-3n-E4B-it (Together AI),"Okay, let's break down the consequences when a listed company fails to appoint a mandatory Woman Independent Director for two consecutive quarters under the Lodhra Committee Recommendations (LODR) in India.  This is a significant issue with escalating ramifications.

**Understanding the Context: Lodhra Committee Recommendations (LODR)**

The Lodhra Committee was formed by the Supreme Court of India to recommend reforms to the governance of Indian sports bodies, particularly in response to corruption scandals.  While primarily focused on sports, its recommendations have been adapted and applied to corporate governance, especially regarding the representation of women on boards.  The core principle is to promote greater diversity and inclusivity on corporate boards.

**The Issue: Failure to Appoint a Mandatory Woman Independent Director**

The LODR mandates that listed companies must have at least one Woman Independent Director on their board. If a company fails to appoint one within the prescribed timeframe, it faces a series of consequences.  The failure to appoint for two consecutive quarters significantly escalates the repercussions.

**I. Penalties**

The penalties are primarily imposed by the Securities and Exchange Board of India (SEBI), the regulatory body overseeing the Indian stock markets.

*   **Financial Penalties (Fines):** SEBI can levy substantial monetary fines on the company and its directors. The amount of the fine can vary depending on the severity and duration of the non-compliance.  The fines can be significant, potentially ranging from ₹50,000 to ₹5 crore (or more, depending on the specific circumstances and SEBI's discretion).  The longer the delay, the steeper the fine is likely to be.
*   **Director Disqualification:**  In severe cases, SEBI can take action against the directors who were responsible for the non-compliance. This could include disqualification from holding directorships in any listed company for a specified period. This is a serious consequence that can significantly impact a director's career.
*   **Restrictions on Corporate Actions:** SEBI may impose restrictions on the company's ability to undertake certain corporate actions, such as mergers, acquisitions, or raising capital, until the non-compliance is rectified.
*   **Increased Scrutiny:**  The company will likely face increased scrutiny from SEBI, investors, and other stakeholders. This could involve more frequent audits, inspections, and inquiries.

**II. Stock Exchange Actions**

The stock exchanges (BSE and NSE) also play a role in enforcing the LODR.

*   **Public Notice:** The stock exchange will likely issue a public notice about the company's non-compliance. This brings the issue to the attention of investors and the market.
*   **Trading Restrictions:** The exchange may impose trading restrictions on the company's shares.  This could involve temporarily suspending trading or imposing limits on trading volumes.
*   **Listing Disqualification:**  As a last resort, the exchange can initiate proceedings to delist the company from the stock exchange if the non-compliance persists despite warnings and opportunities to rectify the situation. This is a severe consequence that can severely damage the company's reputation and financial prospects.
*   **Disclosure Requirements:** The exchange will mandate enhanced disclosure requirements to inform investors about the non-compliance and the steps the company is taking to address it.

**III. Board Compliance Steps (Required Remedial Actions)**

The company must take immediate and demonstrable steps to comply with the Lodhra Committee recommendations.

1.  **Immediate Appointment:** The most critical step is to appoint a Woman Independent Director as soon as possible. This should be done within the timeframe specified by SEBI (usually a few months).
2.  **Board Meeting and Resolution:** The board of directors must hold a meeting to formally appoint the Woman Independent Director and pass a resolution to that effect. The minutes of this meeting must be meticulously documented and filed with SEBI and the stock exchanges.
3.  **Compliance with Independent Director Criteria:** The appointed director must meet all the criteria for an Independent Director as defined by SEBI, including:
    *   Not being connected with the company in any way (e.g., family relationships, business interests).
    *   Having an independent mindset and the ability to exercise objective judgment.
    *   Not being an employee or officer of the company.
4.  **Disclosure:** The company must disclose the appointment of the Woman Independent Director in its annual report, quarterly reports, and on its website. This disclosure must be accurate, complete, and timely.
5.  **Board Committee Review:** The board should form a committee to monitor the performance of the Woman Independent Director and ensure that she is able to effectively contribute to the board's functioning.
6.  **Documentation:** Maintain thorough records of all actions taken to comply with the Lodhra Committee recommendations. This includes board meeting minutes, director appointment letters, and any other relevant documents.
7.   **Explanation to Investors:** Communicate transparently with investors about the reasons for the delay and the steps being taken to rectify the situation.

**Important Considerations:**

*   **Justification for Delay:** If there's a valid reason for the delay in appointing a Woman Independent Director (e.g., difficulty in finding a suitable candidate), the company must provide a clear and justifiable explanation to SEBI.  However, the explanation alone won't excuse non-compliance; the company must demonstrate a commitment to resolving the issue promptly.
*   **Good Faith:**  SEBI will assess whether the company has acted in good faith to comply with the Lodhra Committee recommendations.
*   **Continuous Monitoring:**  Compliance with the Lodhra Committee recommendations is not a one-time event.  Companies must continuously monitor their board composition to ensure that they maintain the required representation of women.





**Disclaimer:** I am an AI Chatbot and not a legal professional. This information is for general guidance only and does not constitute legal advice.  Companies facing this situation should consult with legal counsel to understand their specific obligations and ensure compliance with all applicable regulations.  SEBI's regulations and interpretations can change, so staying updated is crucial.



"
SEBI-T4-10,4,"An FPI Category I registered entity wants to acquire 12% equity in an Indian listed defence company. Trace the single FPI limit, aggregate FPI limit, and FDI approval requirements.","1. Under SEBI FPI Regs & FEMA, single FPI/group limit is **less than 10%** of total paid-up equity.
2. Acquiring 12% automatically reclassifies the entire holding as Foreign Direct Investment (FDI).
3. Defence sector FDI >49% requires government approval route, while up to 74% is automatic for certain FDI. Reclassification requires reporting to RBI/SEBI within 5 trading days.","SEBI (FPI) Regulations, 2019 & Operational Guidelines / FEMA NDI Rules",https://www.sebi.gov.in/legal/regulations/sep-2019/sebi-foreign-portfolio-investors-regulations-2019_44437.html,N/A,gemma-3n-E4B-it (Together AI),"Okay, let's break down the FPI, aggregate FPI, and FDI requirements for an FPI Category I entity looking to acquire 12% equity in an Indian listed defence company.  This is a complex area with specific rules, so I'll provide a detailed explanation.

**Understanding the Key Terms**

*   **FPI (Foreign Portfolio Investor):** A foreign investor who invests in the Indian market without directly participating in the country's capital market. They invest in publicly listed securities.
*   **FPI Category I:**  FPIs that are not government entities and are not controlled by the Indian government.  This is the most common type of FPI.
*   **Aggregate FPI Limit:** The total amount of foreign investment that can be made in the Indian market by all FPIs combined.
*   **Single Investor Limit:** The maximum amount of investment allowed by a single FPI in a single Indian company.
*   **FDI (Foreign Direct Investment):** Investment made by a foreign entity into an Indian company with the intent of having control over its management and operations.
*   **CAPO (Change of Control Approval):** Required when an investment leads to a change in the control of a company.



**1. Single FPI Limit**

*   **Current Limit:** As of the latest regulations (as of late 2023/early 2024, subject to change), an FPI Category I entity can hold a maximum of **10%** of the equity in an Indian listed company.  This is a key constraint.  Therefore, acquiring 12% directly is not possible under the single FPI limit alone.

**2. Aggregate FPI Limit**

*   **Current Limit:** The aggregate limit for all FPIs in the Indian market is currently **25%** of the issued share capital of the listed company.  This limit applies to all FPIs combined, not just a single FPI.
*   **Important Note:** This 25% limit is *in addition to* the 10% limit applicable to a single FPI.  So, the total foreign holding cannot exceed 35% (10% single FPI + 25% aggregate FPI).
*   **Defense Sector Exception:** The Defence sector has specific rules and this limit may have some relaxations or additional considerations.

**3. FDI Approval Requirements**

*   **General Rule:**  Generally, FDI in the Defence sector requires prior approval from the Government of India.
*   **Current FDI Limit in Defence:**  As of current regulations, FDI is allowed up to **49%** through the government route, subject to approval. This is a significant change from previous limits. 
*   **Approval Process:** The approval process involves submitting an application to the Department for Promotion of Industry and Internal Trade (DPIIT) and potentially other relevant government agencies, such as the Defence Acquisition Council.
*   **Change of Control (CAPO):** Because the proposed investment is for 12% equity, it will likely trigger a Change of Control approval requirement.  This is because the FPI will be a significant shareholder, potentially influencing the company's direction.  The CAPO approval process is more stringent than regular FDI approval.

**Summary of Requirements for a 12% Acquisition by an FPI Category I in a Listed Defence Company**

1.  **Single FPI Limit:**  The FPI can only hold a maximum of 10% equity.  Acquiring 12% directly is not possible.
2.  **Aggregate FPI Limit:** The total foreign holding cannot exceed 25% of the issued share capital of the company.
3.  **FDI Approval:**  FDI in the defence sector is permitted up to 49% through the government route, subject to approval.
4.  **Change of Control Approval (CAPO):**  Required due to the 12% stake, triggering a more rigorous approval process.
5.  **Regulatory Filings:** The FPI will need to make various regulatory filings with the relevant authorities, including the Securities and Exchange Board of India (SEBI), the Reserve Bank of India (RBI), and the DPIIT.
6.   **Compliance with Prevention of Money Laundering Act (PMLA) and other regulations.**



**Important Considerations and Caveats:**

*   **Regulatory Changes:**  Indian regulations are subject to change. It's *crucial* to consult with legal and financial advisors who are experts in Indian investment regulations to get the most up-to-date information.
*   **Specific Company Circumstances:** The exact requirements may vary depending on the specific listed defence company and its existing shareholder structure.
*   **Government Discretion:** Even with approvals, the government retains the discretion to reject an application if it deems it not in the national interest.
*   **Due Diligence:**  Thorough due diligence is essential, including legal, financial, and regulatory checks.
*   **SEBI Regulations:** SEBI has specific regulations regarding FPI investments in listed companies, including disclosure requirements.



**Disclaimer:**  I am an AI chatbot and cannot provide legal or financial advice. This information is for general guidance only and should not be considered a substitute for professional advice.  You *must* consult with qualified legal and financial professionals in India before making any investment decisions.



**Where to Find More Information:**

*   **SEBI (Securities and Exchange Board of India):** [https://www.sebi.gov.in/](https://www.sebi.gov.in/)
*   **RBI (Reserve Bank of India):** [https://www.rbi.org.in/](https://www.rbi.org.in/)
*   **DPIIT (Department for Promotion of Industry and Internal Trade):** [https://dpiit.gov.in/](https://dpiit.gov.in/)
*   **Ministry of Defence, Government of India:** [https://www.mod.gov.in/](https://www.mod.gov.in/)



I hope this detailed explanation is helpful.  Let me know if you have any further questions.



"
SEBI-T5-01,5,Is it true that SEBI SAST Regulations allow an acquirer to trigger a mandatory open offer at 15% voting rights if the target company is an SME listed entity?,"FALSE. The mandatory open offer trigger threshold under SEBI (SAST) Regulations, 2011 is strictly 25% for ALL listed companies (including SME platform listed entities). The 15% threshold was under the old repealed 1997 Takeover Code.","SEBI (SAST) Regulations, 2011, Regulation 3(1)",https://www.sebi.gov.in/legal/regulations/sep-2011/sebi-substantial-acquisition-of-shares-and-takeovers-regulations-2011_21136.html,LLMs frequently confuse the repealed 1997 SAST Code (which had a 15% open offer trigger) with the active 2011 SAST Code (which mandates a 25% trigger).,gemma-3n-E4B-it (Together AI),"Yes, that is **generally true**. SEBI's SAST (Takeover Regulations) do indeed stipulate a mandatory open offer requirement for acquirers seeking to acquire 15% or more of an SME (Small and Medium Enterprise) listed entity.

Here's a breakdown of the key points:

*   **Trigger Point:** If an acquirer or a group of connected persons acquires 15% or more of the voting rights of an SME listed entity, they are obligated to launch a mandatory open offer.
*   **SME Definition:**  The definition of an SME is important.  It's based on factors like paid-up capital and market capitalization.  The specific thresholds are outlined in SEBI regulations.
*   **Mandatory Open Offer:** The open offer is made to the remaining shareholders of the target company, giving them an opportunity to sell their shares to the acquirer at a price determined according to the regulations.
*   **Purpose:** The open offer ensures that all shareholders of the target SME have an equal opportunity to participate in the acquisition and receive the same price for their shares.
*   **Regulations:** The specific details are found in SEBI's Takeover Regulations, particularly those relating to open offers for SMEs.  You can find the latest version on the SEBI website.

**Important Considerations:**

*   **Group Liability:** The regulations consider the entire ""group"" of connected persons. This means that if multiple entities are acting in concert to acquire the target company, they may all be subject to the open offer requirement.
*   **Exemptions:** There might be some exemptions from the open offer requirement under specific circumstances. However, these are limited and carefully defined in the regulations.
*   **Consult Legal Counsel:**  This information is for general understanding only and is not legal advice.  Any company considering an acquisition of an SME should consult with legal counsel specializing in M&A and SEBI regulations to ensure compliance.

**Where to find the regulations:**

You can find the latest version of SEBI's Takeover Regulations on the SEBI website: [https://www.sebi.gov.in/](https://www.sebi.gov.in/)  Look for the regulations related to ""Takeover of Public Sector Enterprises"" or ""Open Offer"".



Therefore, to reiterate, the statement is **true** under the current SEBI SAST regulations. However, always refer to the official SEBI documentation for the most up-to-date and precise information.



"
SEBI-T5-02,5,Does SEBI require a listed company to close its insider trading window for 30 calendar days prior to every quarterly financial result announcement?,"FALSE. SEBI PIT Regulations do NOT prescribe a fixed '30 calendar days' rule. Clause 4(2) of Schedule B specifies that the trading window closure is mandatory from the end of every financial quarter (e.g. March 31, June 30) until 48 hours after the declaration of financial results.","SEBI (PIT) Regulations, 2015, Schedule B Clause 4(2)",https://www.sebi.gov.in/legal/regulations/jan-2015/sebi-prohibition-of-insider-trading-regulations-2015-last-amended-on-nov-24-2022-_38830.html,LLMs often hallucinate a rigid '30-day prior' rule derived from obsolete corporate policies or foreign SEC guidelines.,gemma-3n-E4B-it (Together AI),"Yes, that's correct. SEBI (Securities and Exchange Board of India) **does** require listed companies to close their insider trading window for **30 calendar days** prior to the date of announcing their quarterly financial results.

Here's a breakdown of the relevant regulations:

*   **SEBI (Prohibition of Insider Trading) Regulations, 2015:** These regulations are the primary governing document.
*   **Regulation 3:** This regulation specifically addresses the closure of the insider trading window. It mandates a 30-day closure period before the release of quarterly results (and other important announcements).
*   **Purpose:** The closure aims to prevent insiders from using non-public information about the company's financial performance to trade in the company's securities.

**Key points to remember:**

*   The 30-day window applies to all insiders of the company, including directors, officers, employees, and anyone having access to unpublished price-sensitive information (UPSI).
*   The window closes 30 calendar days *before* the announcement date.
*   The window reopens after the announcement date, typically after the market closes.
*   Companies are responsible for ensuring compliance with these regulations and communicating the closure period to their employees and insiders.

You can find the complete regulations on the SEBI website: [https://www.sebi.gov.in/](https://www.sebi.gov.in/)  (Search for ""Insider Trading Regulations 2015"").



**Disclaimer:** I am an AI chatbot and cannot provide financial or legal advice. This information is for general knowledge purposes only. Always consult with a qualified professional for specific guidance related to your situation.



"
SEBI-T5-03,5,"Under SEBI ICDR 2018, is the minimum promoter contribution locked in for 3 years in all IPO cases without exception?","FALSE. Under SEBI (ICDR) Regulations, 2018 (as amended in 2021), the minimum promoter contribution of 20% is locked in for **18 months** (not 3 years), unless the issue involves capital expenditure for a project, in which case it remains 3 years.","SEBI (ICDR) Regulations, 2018, Regulation 16(1)",https://www.sebi.gov.in/legal/regulations/sep-2018/sebi-issue-of-capital-and-disclosure-requirements-regulations-2018_40328.html,"LLMs hallucinate that all minimum promoter contributions are locked in for 3 years, failing to catch the 2021 amendment reducing it to 18 months.",gemma-3n-E4B-it (Together AI),"No, the minimum promoter contribution is **not** locked in for 3 years in *all* IPO cases under SEBI ICDR 2018. While the general principle aims to ensure promoter commitment, the lock-in period can vary based on several factors and isn't a universal 3-year rule.

Here's a breakdown of the situation:

*   **General Rule & 3-Year Lock-in:**  Under SEBI ICDR 2018, the promoters are generally required to make a minimum of 50% of the IPO proceeds.  This contribution is subject to a lock-in period.  **Typically, this lock-in period is 3 years.** This applies to the funds contributed by promoters.

*   **Exceptions & Variations:** However, the 3-year lock-in is *not* absolute and can be subject to exceptions and variations based on the following factors:

    *   **Purpose of Funds:**  The lock-in period can be reduced if the funds are used for specific pre-approved purposes, as outlined in the ICDR 2018 regulations.  These pre-approved purposes might include capital expenditure, working capital requirements, or acquisitions.  The specific permitted uses are defined within the regulations.
    *   **Company's Circumstances:** The Registrar of Companies (ROC) or SEBI might consider the company's circumstances when reviewing the lock-in period.  Factors like the company's stage of development, industry, and financial health could play a role.
    *   **Investor Concerns:**  In some cases, SEBI might consider investor concerns and potentially adjust the lock-in period, but this is less common and requires a strong justification.
    *   **Specific IPO Circumstances:**  The details of the IPO itself, as outlined in the offer document, can sometimes influence the lock-in period.

*   **Important Considerations:**

    *   The lock-in period applies to the funds *contributed by the promoters*.  It doesn't necessarily apply to other sources of funding.
    *   The promoters are usually allowed to exit their stake through pre-IPO agreements or other permissible mechanisms, but within the framework of the lock-in period.
    *   Any deviation from the standard 3-year lock-in requires approval from SEBI and the ROC.

**In conclusion:** While a 3-year lock-in is the *typical* scenario for promoter contributions in IPOs under SEBI ICDR 2018, it's not a hard and fast rule. Exceptions exist based on the purpose of the funds, company circumstances, and regulatory considerations.  It's crucial to carefully review the IPO offer document and relevant regulations for specific details.



**Disclaimer:** I am an AI Chatbot and not a financial advisor. This information is for general knowledge and informational purposes only, and does not constitute financial or legal advice. It is essential to consult with a qualified financial advisor or legal professional for any investment decisions or specific legal guidance. SEBI ICDR 2018 and related regulations are subject to change. Always refer to the latest official SEBI documents for accurate and up-to-date information.



"
SEBI-T5-04,5,Can a designated person trade in company shares during trading window closure if they possess an approved Trading Plan under Regulation 5 of PIT Regulations?,"TRUE. A Trading Plan approved by the Compliance Officer under Regulation 5 of SEBI PIT Regulations grants an explicit statutory exception permitting trades during trading window closure, provided the plan was submitted 6 months in advance and trades are non-discretionary.","SEBI (PIT) Regulations, 2015, Regulation 5(3)",https://www.sebi.gov.in/legal/regulations/jan-2015/sebi-prohibition-of-insider-trading-regulations-2015-last-amended-on-nov-24-2022-_38830.html,LLMs often over-generalize that 'trading window closure prohibits ALL trading without exception'.,gemma-3n-E4B-it (Together AI),"Okay, let's break down whether a designated person can trade company shares during a trading window closure if they have an approved Trading Plan under Regulation 5 of the Prevention of Insiders Trading (PIT) Regulations.

**The Short Answer: Yes, generally, they can.**

However, it's crucial to understand the nuances and conditions. Here's a detailed explanation:

**Understanding the Key Players and Regulations**

*   **Designated Person:**  This refers to individuals who are considered ""insiders"" of the company and are subject to insider trading regulations.  This typically includes directors, officers, and significant shareholders.
*   **Trading Window Closure:** This is a period when trading in the company's shares is prohibited for designated persons. It's usually implemented to prevent insider trading based on non-public information.  Trading windows are typically closed around the release of financial results, major announcements, or other events that could materially affect the company's stock price.
*   **Prevention of Insiders Trading (PIT) Regulations:** These regulations govern the trading activities of company insiders to prevent abuse of non-public information.
*   **Regulation 5 of PIT Regulations & Trading Plans:** This is the key provision. Regulation 5 allows designated persons to trade in company shares *even during a trading window closure* if they have a pre-approved Trading Plan.

**How Regulation 5 Works & Why it Allows Trading During Closure**

A Trading Plan is a written plan outlining the designated person's intended trading activities (e.g., what shares they intend to buy or sell, the quantity, and the timeframe) *before* the trading window closes.  The plan must meet specific requirements, including:

*   **Pre-Approval:**  The Trading Plan must be submitted to and approved by the company's Compliance Officer (or a designated authority) *before* the trading window closes.
*   **Cooling-Off Period:**  There's usually a cooling-off period after the plan is approved. During this period, the designated person cannot make changes to the plan or execute trades that deviate from it.
*   **Information Disclosure:**  The designated person must disclose the Trading Plan to the company and comply with any reporting requirements.
*   **Compliance with the Plan:** The designated person *must* strictly adhere to the terms of the approved Trading Plan.  They cannot deviate from it.

**Why does Regulation 5 permit trading during a closure?**

The rationale is that if a Trading Plan is properly approved *before* a trading window closure, it demonstrates that the designated person's potential trades were not based on non-public information at the time the plan was approved.  The plan essentially removes the suspicion of insider trading, even if the trade occurs during a period when general trading is restricted.

**Important Considerations & Caveats**

*   **Plan Approval is Crucial:**  The Trading Plan *must* be approved *before* the trading window closes.  A plan submitted *after* the closure will not be accepted.
*   **No Material Change to the Plan:**  The designated person cannot make any material changes to the approved Trading Plan without obtaining prior approval *before* executing the trade.
*   **Compliance Officer's Discretion:**  The company's Compliance Officer has the authority to reject a Trading Plan if it doesn't meet the requirements of the PIT Regulations or if there are concerns about potential insider trading.
*  **Specific Company Policies:** Companies may have their own internal policies that are more stringent than the regulatory requirements.  These policies must be followed as well.
*   **""Inside Information"" Still Applies:** Even with an approved Trading Plan, the designated person *cannot* trade if they possess material non-public information that is not reflected in the approved plan.  The Trading Plan is only valid if it was based on information available to the public *at the time the plan was approved*.
*   **Record Keeping:** The company must maintain detailed records of all Trading Plans, including the approval process and the execution of trades.
*   **Jurisdictional Differences:**  PIT Regulations can vary slightly between jurisdictions. The specifics of Regulation 5 and Trading Plans would be governed by the relevant laws of the country where the company is incorporated.

**In summary:**  A designated person *can* trade shares during a trading window closure if they have a pre-approved Trading Plan that complies with all the requirements of the PIT Regulations and any applicable company policies.  The key is the *timing* of the plan approval and strict adherence to the plan's terms.



**Disclaimer:** *I am an AI Chatbot and not a legal professional. This information is for general guidance only and should not be considered legal advice. You should consult with a qualified legal professional for advice regarding your specific situation.*



"
SEBI-T5-05,5,Is a Category I AIF permitted to invest 50% of its investible funds into a single unlisted startup company?,"FALSE. Under Regulation 15(1)(d) of SEBI (AIF) Regulations, 2012, Category I and Category II AIFs cannot invest more than **25%** of their investible funds in a single investee company.","SEBI (AIF) Regulations, 2012, Regulation 15(1)(d)",https://www.sebi.gov.in/legal/regulations/may-2012/sebi-alternative-investment-funds-regulations-2012_22864.html,LLMs frequently confuse diversification limits across Category I/II (25% cap) vs Category III (10% cap for listed equities) or hallucinate higher single-company allowances.,gemma-3n-E4B-it (Together AI),"Generally, **no, a Category I Alternative Investment Fund (AIF) is typically *not* permitted to invest 50% of its investible funds into a single unlisted startup company.** This is due to regulatory restrictions designed to ensure diversification and manage risk.

Here's a breakdown of why and the relevant regulations:

**Key Regulatory Considerations (primarily based on SEBI regulations in India, but similar principles apply elsewhere):**

*   **Diversification Requirements:** AIF regulations (like those issued by SEBI in India) mandate that AIFs must diversify their investments across multiple assets and companies to mitigate risk. Concentrating a significant portion (like 50%) in a single unlisted startup violates this principle.
*   **Risk Management:**  Investing a large amount in a single startup exposes the AIF to excessive risk. If the startup fails, the AIF could suffer substantial losses, potentially jeopardizing the fund's ability to meet its obligations to investors.
*   **Regulation 5(1)(b) of the SEBI (Alternative Investment Funds) Regulations, 2012 (India):** This regulation specifically addresses the concentration of investments.  It sets limits on the amount that an AIF can invest in a single company or entity. While the exact percentage can vary depending on the AIF's strategy and category, it's usually significantly lower than 50%.  For example, it might be limited to a certain percentage of the fund's total assets or a specific investment threshold.
*    **Category I AIF restrictions:** Category I AIFs are typically restricted from using leverage and have stricter investment restrictions than other categories. This makes a large investment in a single startup even riskier.
*   **Investment Strategy:** While some AIFs might have a strategy focused on early-stage investments, even those usually maintain a level of diversification. A 50% allocation to a single startup would be considered overly concentrated for most AIF strategies.



**What are the typical limits?**

The exact limits vary, but common guidelines include:

*   **Generally, no more than 10-20% of the fund's assets in a single investment.**
*   **Specific limits set by the AIF's investment mandate and the governing regulations.**

**Important Considerations:**

*   **Investment Mandate:**  The AIF's investment mandate (the document outlining the fund's investment strategy) will specify the permitted investment limits.  However, these limits must comply with regulatory requirements.
*   **Regulatory Approval:** Any deviation from the standard limits might require special approval from the regulatory authority (e.g., SEBI in India).
*   **Due Diligence:** Even with diversification, thorough due diligence is crucial when investing in unlisted startups.



**In conclusion:** A Category I AIF is highly unlikely to be permitted to invest 50% of its investible funds into a single unlisted startup company.  Regulations prioritize diversification and risk management, and such a concentrated investment would likely violate those principles. Always refer to the specific regulations and the AIF's investment mandate for definitive guidance.



**Disclaimer:** I am an AI chatbot and cannot provide financial or legal advice. This information is for general knowledge and informational purposes only, and does not constitute investment advice. You should consult with a qualified financial advisor or legal professional for any investment decisions.



"
SEBI-T5-06,5,Is it mandatory under SEBI LODR for every listed company to have the positions of Chairperson and Managing Director (MD/CEO) held by separate individuals?,"FALSE. While SEBI initially mandated separation of Chairperson and MD/CEO under Regulation 17(1B), SEBI amended the regulation to make this requirement **voluntary** rather than mandatory for top 500 listed entities.","SEBI (LODR) Regulations, 2015, Regulation 17(1B) Amendment",https://www.sebi.gov.in/legal/regulations/jan-2024/sebi-listing-obligations-and-disclosure-requirements-regulations-2015-last-amended-on-january-10-2024-_80644.html,"LLMs frequently cite old 2018 SEBI circulars declaring mandatory separation, missing SEBI's Feb 2022 decision making it voluntary.",gemma-3n-E4B-it (Together AI),"No, it is **not mandatory** under SEBI's Listing Obligations and Disclosure Requirements (LODR) for every listed company to have the positions of Chairperson and Managing Director (MD/CEO) held by separate individuals.

However, the LODR *does* have specific requirements and recommendations around these roles, and the trend is moving towards separation. Here's a breakdown:

**What the LODR Says:**

*   **No Explicit Mandate for Separation:** The LODR doesn't explicitly *mandate* that the Chairperson and MD/CEO must be different individuals.
*   **Emphasis on Independent Directors:** The LODR places a strong emphasis on having adequate numbers of Independent Directors on the board.  These Independent Directors are crucial for oversight and ensuring good corporate governance.
*   **Recommendation for Separation:** While not mandatory, the LODR strongly *recommends* that the positions of Chairperson and MD/CEO should not be held by the same individual. This is considered best practice for corporate governance.
*   **Board Committee Oversight:**  The LODR mandates the establishment of various board committees (Audit Committee, Nomination & Remuneration Committee, Corporate Governance Committee, etc.).  Effective oversight of the MD/CEO's performance is facilitated when the Chairperson is independent and not also the MD/CEO.
*   **Disclosure Requirements:** Companies are required to disclose the details of their board of directors, including who holds which positions. This transparency allows investors to assess the company's governance structure.

**Why the Recommendation?**

The recommendation to separate these roles is driven by several factors:

*   **Checks and Balances:** Separating the roles creates a system of checks and balances within the company. The Chairperson can provide independent oversight of the MD/CEO's actions.
*   **Independent Oversight:** An independent Chairperson can ensure that the company's strategy and operations are aligned with the interests of all stakeholders, not just those of the management.
*   **Risk Mitigation:**  Separation helps mitigate the risk of conflicts of interest and potential mismanagement.
*   **Investor Confidence:**  Investors generally view a separation of roles as a sign of good corporate governance and increased transparency, which can boost confidence in the company.

**In summary:** While not strictly mandatory, the prevailing recommendation and best practice under SEBI LODR is to have separate individuals for the positions of Chairperson and MD/CEO.  Companies are expected to justify any situation where these roles are held by the same person, demonstrating that robust governance mechanisms are in place to mitigate potential risks.  Failure to adhere to good corporate governance practices can lead to regulatory scrutiny.



**Disclaimer:** I am an AI Chatbot and not a legal professional. This information is for general knowledge and informational purposes only, and does not constitute legal advice. It is essential to consult with a qualified legal professional for advice regarding your specific situation.  You should refer to the official SEBI LODR guidelines for the most up-to-date and accurate information.



You can find the LODR guidelines on the SEBI website: [https://www.sebi.gov.in/](https://www.sebi.gov.in/)  Look for the ""Listing Regulations"" section."
SEBI-T5-07,5,Can a Foreign Portfolio Investor (FPI) hold up to 15% of the total issued equity share capital of a single Indian listed company under FPI regulations?,"FALSE. Under SEBI (FPI) Regulations, 2019, the investment limit for a single FPI or investor group is strictly **less than 10%** (i.e. up to 9.99%) of the total issued equity capital. Holding 10% or more is reclassified as FDI.","SEBI (FPI) Regulations, 2019, Regulation 20(7)",https://www.sebi.gov.in/legal/regulations/sep-2019/sebi-foreign-portfolio-investors-regulations-2019_44437.html,LLMs confuse the 10% single-FPI threshold with aggregate sectoral FDI/FPI limits (such as 24% or 49%).,gemma-3n-E4B-it (Together AI),"Yes, that is correct. Under current FPI regulations in India, a Foreign Portfolio Investor (FPI) is permitted to hold **up to 15% of the total issued equity share capital of a single Indian listed company.**

This is a key limit set by SEBI (Securities and Exchange Board of India) to prevent excessive concentration of ownership in any one entity and to maintain market stability.

It's important to note that this is a general rule, and there can be exceptions or specific conditions depending on the type of FPI and the nature of the investment. However, 15% is the standard limit.

You can find more detailed information on SEBI's website and in the relevant FPI regulations.  Here's a link to a relevant SEBI circular (though it's always good to check for the most current regulations): [https://www.sebi.gov.in/είς/είς-circulars/είς-circular-on-limits-for-investment-by-foreign-portfolio-investors-in-domestic-companies-13072023.html](https://www.sebi.gov.in/είς/είς-circulars/είς-circular-on-limits-for-investment-by-foreign-portfolio-investors-in-domestic-companies-13072023.html)



"
SEBI-T5-08,5,Does an acquirer who acquires 26% voting rights in a listed target company through a rights issue need to make an open offer under SAST Regulations?,"FALSE (exempt under conditions). Under Regulation 10(1)(a)(iii) read with Regulation 10(4) of SEBI SAST Regulations, acquisition of shares pursuant to a Rights Issue up to one's entitlement is **exempt** from open offer obligations.","SEBI (SAST) Regulations, 2011, Regulation 10(4)(a)",https://www.sebi.gov.in/legal/regulations/sep-2011/sebi-substantial-acquisition-of-shares-and-takeovers-regulations-2011_21136.html,"LLMs assume that ANY acquisition reaching 25%+ triggers an open offer, missing statutory exemptions under Regulation 10.",gemma-3n-E4B-it (Together AI),"Yes, generally, an acquirer who acquires 26% voting rights in a listed target company through a rights issue **does** need to make an open offer under the SEBI (Substantial Acquisition of Shares and Takeovers) Regulations, 1997 (SAST Regulations).

Here's a breakdown of why:

*   **Definition of ""Acquirer"" and Triggering Event:**  The SAST Regulations define an ""Acquirer"" broadly.  Acquiring 26% of the voting rights in a listed company is a significant acquisition and triggers the obligation to make an open offer.  The acquisition is considered completed when the acquirer holds at least 26% of the voting rights.

*   **Mandatory Open Offer:**  Section 5(2) of the SAST Regulations mandates an open offer in several scenarios, including when an acquirer acquires 26% or more of the voting rights in a listed company.  The purpose of the open offer is to provide all existing shareholders an opportunity to purchase shares from the acquirer on the same terms and conditions as offered to the promoters or other strategic investors.

*   **Rights Issue as a Method of Acquisition:**  The method of acquisition (whether through a direct purchase, an auction, or a rights issue) does not change the obligation to make an open offer if the 26% threshold is crossed.  A rights issue is simply one way to raise the necessary funds to acquire the shares.

*   **Exceptions (Limited):** There are some limited exceptions to the open offer requirement, but they are specific and not likely to apply in a typical scenario where a 26% stake is acquired via a rights issue.  These exceptions might include situations involving a merger, demerger, or certain other specific circumstances outlined in the Regulations.

**Key Considerations & Important Notes:**

*   **Compliance is Mandatory:** Failure to comply with the open offer requirements can lead to significant penalties, including fines and potential legal action.
*   **Time Limits:** The SAST Regulations specify strict time limits for making the open offer after the acquisition of 26% voting rights.
*   **Detailed Requirements:** The open offer must be conducted in accordance with the detailed requirements of the SAST Regulations, including the price, terms and conditions, and the process for accepting the offer.
*   **Professional Advice:**  It is *highly recommended* that the acquirer consult with legal and financial advisors specializing in SEBI regulations to ensure full compliance. The SAST Regulations are complex, and navigating them correctly is crucial.

**Disclaimer:** I am an AI Chatbot and not a legal professional. This information is for general guidance only and does not constitute legal advice. You should consult with a qualified legal professional for advice specific to your situation.  SEBI Regulations can change, so it is important to refer to the most current version of the regulations.



"
SEBI-T5-09,5,"Under SEBI PIT Regulations, does a spouse of a promoter need to execute trades over Rs. 10 Lakhs to be subject to insider trading laws?",FALSE. A spouse of a promoter is automatically deemed a 'Connected Person' under Regulation 2(1)(d)(i). Trading while in possession of UPSI is strictly illegal regardless of trade value (even if under Rs 10 Lakhs). Rs 10 Lakhs is merely a reporting threshold under Reg 7(2).,"SEBI (PIT) Regulations, 2015, Regulation 2(1)(d)(i) & Regulation 4(1)",https://www.sebi.gov.in/legal/regulations/jan-2015/sebi-prohibition-of-insider-trading-regulations-2015-last-amended-on-nov-24-2022-_38830.html,LLMs conflate the Prohibition of Insider Trading (Reg 4) with the Disclosure Threshold (Reg 7).,gemma-3n-E4B-it (Together AI),"Okay, let's break down the SEBI Prevention of Insider Trading (PIT) Regulations and the obligations of a promoter's spouse, particularly concerning trades exceeding ₹10 Lakhs.

**The Short Answer:**

No, a promoter's spouse is *not* automatically subject to insider trading laws simply because they execute trades over ₹10 Lakhs. However, their trades *can* be scrutinized and potentially trigger investigation under the PIT regulations if they possess ""inside information.""  The ₹10 Lakhs threshold is more relevant for *promoters and connected persons* in terms of reporting requirements, not the trigger for insider trading violations *per se*.

**The Detailed Explanation:**

Here's a comprehensive explanation based on the SEBI PIT Regulations:

1. **Who is Considered a ""Promoter"" and ""Connected Person""?**

   *   A **Promoter** is defined as a person who, directly or indirectly, controls a company, or has influence or control over the company, or can dictate the management policies of the company.
   *   **Connected Person:** This is a broader definition. It includes:
        *   Promoters.
        *   Spouse of a promoter.
        *   Minor, dependent, or economically dependent relative of a promoter.
        *   A company controlled by a promoter.

2. **Obligations of Connected Persons (including Spouses):**

   *   **Disclosure:**  Connected persons (including the spouse of a promoter) are obligated to disclose their holdings in the company and any changes in those holdings to the stock exchange and SEBI. This is done through the Form 3D filings.
   *   **Trading Restrictions/Prohibitions:**  The core of the issue lies in what connected persons *cannot do* with inside information.  Here's the key:

        *   **Prohibition on Trading:** Connected persons are strictly prohibited from trading in securities while in possession of *material non-public information* (MNPI). This is the crux of insider trading.
        *   **Trading Limits (for promoters and others):** While the ₹10 Lakhs threshold is often discussed, it's generally related to reporting requirements for promoters and other connected persons.  It's not a blanket threshold that *automatically* makes a trade illegal.  The focus is on whether the trade was made while possessing MNPI.
   *   **No Trading in Certain Circumstances:**  Connected persons cannot trade in securities during the following periods:
        *   When in possession of MNPI.
        *   Before the declaration of financial results.
        *   Before the declaration of any other material information.
        *   During a trading halt.

3. **The Role of ""Inside Information"" (MNPI):**

   *   **Definition:**  ""Inside information"" is any material information that is not generally available to the public. This could include:
        *   Unannounced financial results.
        *   Merger or acquisition plans.
        *   Significant contracts.
        *   Changes in management.
        *   Any information that could materially affect the company's share price.
   *   **Possession is Key:**  The critical factor is whether the connected person *possessed* MNPI at the time of the trade.  It doesn't matter if the trade was for ₹10 Lakhs or ₹1000. If they had MNPI and traded, it's a violation.

4. **Why ₹10 Lakhs Isn't the Sole Determinant:**

   *   The regulations don't say, ""Trades over ₹10 Lakhs are illegal if you're a connected person.""
   *   The focus is on the *information* the connected person had, not the size of the transaction. A small trade can be illegal if it's based on MNPI. A large trade can be legal if it's based on publicly available information.

**In Summary:**

The spouse of a promoter is subject to the same insider trading rules as any other connected person.  The ₹10 Lakhs threshold is mainly for reporting larger trades, but it's *not* the trigger for insider trading. The crucial element is whether the spouse possessed material non-public information at the time of the trade. If they did, and the trade was executed, it can be considered insider trading, regardless of the trade value.

**Important Disclaimer:**  I am an AI Chatbot and not a legal professional. This information is for general guidance only and should not be considered legal advice.  If you have specific concerns about insider trading or SEBI regulations, you should consult with a qualified securities lawyer.  SEBI's website ([https://www.sebi.gov.in/](https://www.sebi.gov.in/)) is also a valuable resource.



"
SEBI-T5-10,5,"Can a listed company pass a related party transaction resolution where related parties vote in favor, provided they are not interested in that specific transaction?","FALSE. Under Regulation 23(4) of SEBI LODR (as amended), NO entity that falls under the definition of a 'Related Party' shall vote to approve the resolution, **whether the entity is a party to the particular transaction or not**.","SEBI (LODR) Regulations, 2015, Regulation 23(4)",https://www.sebi.gov.in/legal/regulations/jan-2024/sebi-listing-obligations-and-disclosure-requirements-regulations-2015-last-amended-on-january-10-2024-_80644.html,LLMs confuse the Companies Act Sec 188 rule (where only interested related parties are barred) with SEBI LODR Reg 23(4) (where ALL related parties are barred).,gemma-3n-E4B-it (Together AI),"Okay, let's break down the complexities of related party transactions and voting in favor, focusing on whether a listed company can pass a resolution even if related parties vote favorably, but are not directly interested in the transaction itself.

**The Core Issue: Independence and Fairness**

The fundamental principle governing related party transactions is to ensure fairness and prevent conflicts of interest.  The goal is to protect the interests of the company's shareholders and maintain investor confidence.  The presence of related parties *inherently* raises concerns about potential bias, even if those parties claim to be acting objectively.

**Can a Related Party Vote in Favor?  Yes, but with Caveats**

Yes, a related party *can* vote in favor of a resolution involving the company, even if they aren't directly interested in the specific transaction. However, this is *highly scrutinized* and requires careful documentation and justification. Here's a detailed breakdown of the conditions and considerations:

1. **Disclosure is Paramount:** The related party's relationship to the company *must* be fully disclosed. This includes:
   *   The nature of the relationship (e.g., family member of a director, holding company, etc.)
   *   The extent of their interest in the company (e.g., ownership percentage, board representation).
   *   Any potential conflicts of interest, even if they claim none exist regarding *this specific transaction*.

2. **Independent Board Review & Approval:** The board of directors *must* independently review the transaction.  This review should be documented thoroughly in the board minutes, demonstrating that the board considered the transaction's fairness and whether it benefits the company as a whole.  This is a crucial safeguard.  The board isn't simply rubber-stamping a related party's request.

3. **Justification for the Vote:** The related party should provide a clear and documented justification for their vote. This justification should explain *why* they believe the transaction is in the best interest of the company, even if they don't have a direct personal financial stake in it.  This justification needs to be convincing and well-supported.  Examples of justification might include:
   *   Strategic alignment with the company's overall goals.
   *   Benefits to other stakeholders (e.g., employees, customers).
   *   Improved efficiency or cost savings for the company.
   *   The transaction is demonstrably arm's length, even if involving a related party.

4. **""Arm's Length"" Principle is Key:**  Even if a related party votes in favor, the transaction *must* be conducted at arm's length. This means the terms of the transaction should be comparable to what would be agreed upon between unrelated parties in similar circumstances.  Independent valuation or expert opinions are often required to demonstrate arm's length.

5. **Related Party Committee (Often Required):** Many listed companies have a related party committee (RPC) composed of independent directors.  The RPC is specifically tasked with reviewing and approving related party transactions.  The RPC's approval is often required, regardless of other votes.  The RPC's documentation of its review is critical.

6. **Shareholder Approval (Potentially Required):** Depending on the nature and value of the transaction and the company's articles of association, shareholder approval *may* be required, even if the board approves it.  Shareholders have a right to scrutinize related party transactions.

**Why the Concern?**

Even if a related party claims no direct financial interest, the concern is that:

*   **Pressure/Influence:** The related party might feel pressure to vote in a certain way, even if they believe it's not ideal.
*   **Group Interest:** The related party's overall financial well-being might be tied to the company's success, creating an indirect interest.
*  **Perception:**  Even with full disclosure, the perception of a conflict of interest can damage investor confidence and the company's reputation.

**In Summary:**

A listed company *can* pass a related party transaction resolution if related parties vote in favor, *provided* the following are met:

*   Full and transparent disclosure of the related party's relationship and interests.
*   Independent board review and approval.
*   A clear and well-documented justification for the related party's vote.
*   The transaction is conducted at arm's length.
*   Compliance with any requirements of the company's articles of association and relevant regulations.

**Important Disclaimer:**

I am an AI Chatbot and not a legal professional. This information is for general guidance only and does not constitute legal advice.  Companies should consult with legal counsel to ensure compliance with all applicable laws, regulations, and corporate governance requirements in their specific jurisdiction.  The specifics of related party transaction rules vary significantly by country and stock exchange.



"
